1291953823313825797,0.209375
1291954298666938368,0.225
1291954640154701824,0.0
1291955429266862080,1.0
1291955736361283584,0.03333333333333333
1291957002508414977,0.3166666666666667
1291958569026433024,0.225
1291958830088228865,0.35
1291959624577490944,-0.1555555555555556
1291959753732575234,0.2254545454545455
1291960292109438976,-0.09722222222222222
1291960433918611456,0.0
1291960538667323392,0.0
1291960553720680449,0.023015873015873014
1291960597513265153,0.10984848484848483
1291960982475100165,0.0
1291961871004766210,0.0
1291961883390382080,0.06666666666666668
1291961920514400256,-0.07500000000000001
1291962005620916225,0.0
1291962246663270401,0.225
1291962283753709569,0.14285714285714285
1291962311058558977,0.0
1291962447067308034,0.05656565656565656
1291962571860463616,0.8375
1291963524055523332,-0.18
1291963609392844800,0.0
1291963641651171328,0.16
1291964035051728896,0.13636363636363635
1291964135794774022,-0.125
1291965490818985985,0.0
1291965521961918464,-0.30000000000000004
1291965888690884608,0.4166666666666667
1291965955665350656,0.0
1291966074292928512,0.0
1291966199631425536,0.4000000000000001
1291966272737931268,0.25
1291966288089305088,0.2672619047619048
1291966297144729600,0.0
1291966446164221953,-0.07936507936507936
1291967031449776129,0.7
1291967163402780673,0.0
1291967631965265932,0.0
1291967885057785859,0.0
1291967889298219009,0.0
1291967890371928066,0.0
1291967891516952578,0.3033333333333333
1291968631321108480,-0.2125
1291968699990188032,0.0
1291969216262877185,0.0
1291969852777943040,0.21944444444444444
1291969888530006016,-0.095
1291970523010924545,0.025555555555555543
1291972518421569538,0.11666666666666665
1291972854431600640,0.3
1291973074473103360,-0.06874999999999999
1291973107272433665,0.2
1291973192790114304,0.8166666666666668
1291973374260977665,0.0
1291973545065623552,0.0
1291973591500816390,0.10416666666666666
1291973992799232000,0.0
1291974079399038978,0.3
1291975921419735041,0.0
1291976237372645376,0.6
1291976354704089089,0.3833333333333333
1291976531271733249,0.3
1291976608006451200,0.11666666666666667
1291976647894274048,0.0
1291976652466126848,0.369140625
1291977154129989632,-0.0625
1291977299877822464,-0.4
1291977682499112960,0.3583333333333334
1291977832613253121,0.2857142857142857
1291977865760854017,0.3583333333333334
1291977938473308160,0.5
1291979086907052036,0.043181818181818175
1291979119488622597,0.10357142857142858
1291979311470215168,0.45
1291979842355785729,0.02462121212121212
1291980028788346880,0.5
1291981241927864320,0.0
1291981427832045569,0.25
1291982165388021760,-0.3
1291982735322603521,0.8
1291982861495492611,0.028571428571428574
1291982864003678210,0.375
1291983768362921985,0.240625
1291984373441421312,0.2681818181818182
1291984547165372416,0.1
1291984801038315520,0.25
1291985145159983105,0.13636363636363635
1291985530180313091,0.0
1291986571743449091,0.1875
1291986841915338753,0.3125
1291987243289247745,0.03333333333333333
1291990936486993920,0.125
1291992253859336192,0.1
1291992744152502272,0.005681818181818178
1291993286203318272,0.34375
1291993335280873472,-0.13333333333333333
1291993500138065926,0.0
1291993780715950084,-0.10978929924242424
1291993953177305089,0.0
1291994133658296320,0.3371428571428571
1291994976667054080,0.26666666666666666
1291995152647561216,-0.125
1291995530726273024,0.0
1291996280806346753,0.0
1291996861373480960,-0.09765625
1291997649726517250,0.5
1291997707775512576,0.002840909090909089
1291997708819894272,0.06818181818181818
1291998084466188288,0.5
1291998122722369537,1.0
1291998809661136898,0.5
1291999030696972290,0.09166666666666667
1291999113786138625,-0.0773809523809524
1291999164729942016,0.45
1291999818831876096,0.0
1292000017356595202,0.2725
1292000122432348160,-0.1555555555555556
1292001078729412608,0.2725
1292001318161264641,0.3833333333333333
1292001607895470088,0.1787878787878788
1292001723054260224,-0.34
1292001724312555521,0.3833333333333333
1292001788493811712,-0.18269230769230768
1292002346852069378,0.3833333333333333
1292002530327777280,-0.1555555555555556
1292002660225228800,0.2
1292003214137663488,0.0
1292004814356971522,0.0
1292004844308316160,0.15
1292005708901343233,0.4568181818181818
1292007200110460929,-0.35714285714285715
1292007447926800384,0.13333333333333333
1292007693511688193,-0.01060606060606061
1292007767062978560,0.13333333333333333
1292007847547613185,-0.19444444444444448
1292007974152605697,0.2
1292008153043927042,0.8
1292008280441516032,0.34545454545454546
1292009041917407235,0.5
1292009146321997824,0.25
1292009294024474624,0.0
1292009676758904834,0.35416666666666663
1292010567876653057,0.13636363636363635
1292011379759570944,0.0
1292011408390008832,0.7
1292011864348676097,-0.075
1292012167760187393,0.3
1292012557549486080,0.0
1292012558073782273,0.0
1292012814316343298,0.5499999999999999
1292013240403341315,0.85
1292013250972987394,0.0
1292014129155276800,-1.0
1292014150323974144,0.2
1292014349490491392,0.0
1292014530684432385,0.015625
1292014707444940801,0.2
1292015014912630784,0.2
1292015054628573184,0.0
1292015236178829313,0.0
1292015469193564160,-0.06944444444444445
1292015469570990082,0.17045454545454544
1292015703952781313,-0.2545454545454546
1292016472227684355,0.3
1292016876969754624,-0.125
1292017464125972480,0.25
1292017679885381632,0.2
1292017808033882112,0.4183333333333333
1292018064377155586,0.2
1292018560659869696,0.2
1292018722782113792,0.05555555555555555
1292019403748343808,0.3
1292020549410070530,0.0
1292020913651830784,0.5
1292021070174748672,0.2
1292021531833401345,0.0
1292021644194504706,0.2
1292021705435688960,0.5166666666666666
1292021861551878144,0.0
1292022125516267521,0.5
1292022263584190464,0.0
1292022313819439104,0.2
1292022346757242881,0.27604166666666663
1292022810345451520,-0.2
1292023380342759425,0.2
1292023597331107841,0.2
1292023738158870528,0.3125
1292024008427307009,0.0
1292024151310577669,0.32222222222222224
1292024952695136256,0.5
1292025309504720897,0.0
1292025897562673152,0.2
1292026176978944001,-0.07500000000000001
1292026580470870017,0.3666666666666667
1292027191719583744,0.29714285714285715
1292027264066961409,0.3666666666666667
1292027408191643649,-0.03571428571428571
1292027409256964097,-0.21666666666666665
1292027410347470850,0.13636363636363635
1292029314028969984,0.01221590909090909
1292029771996512256,0.0
1292031697689743362,-0.1
1292032047146467328,0.1625
1292033917462048769,0.0
1292034092008189954,0.16818181818181818
1292034270865707008,0.0
1292034974510485507,0.03333333333333333
1292035359082270720,0.58125
1292035465034571776,0.3875
1292035860104445952,0.0
1292035930346475520,-0.1
1292036010788913152,0.17393939393939392
1292036473915609088,0.3
1292036964213035009,0.71
1292037405260877824,0.2
1292037917255360513,0.09222222222222223
1292038269790691328,0.0
1292038643532607489,0.2
1292038801095892996,0.19318181818181815
1292039525498265600,0.0
1292039598382579713,0.0
1292039963668811776,-0.13333333333333333
1292041726157348864,0.0
1292041950917402625,0.0
1292042050041520128,0.13636363636363635
1292042099299418117,0.3761904761904762
1292042115497758720,0.19523809523809524
1292042504104099844,0.2777777777777777
1292042615286714368,0.0
1292042635184488449,-0.1
1292042637633974272,0.2
1292042643044741120,-0.090297619047619
1292043029889548294,0.3949494949494949
1292043664961736704,0.3681818181818182
1292043794364411904,0.06818181818181818
1292044040016404480,0.4145833333333333
1292044129690619905,0.03333333333333333
1292044294283571200,0.8125
1292044318950080513,0.4145833333333333
1292044478795186176,0.4145833333333333
1292045562271928322,0.0
1292045730639732736,0.0
1292046830386196480,0.0
1292047379831459841,0.0
1292047755104456704,0.6000000000000001
1292048607584165889,0.5
1292048813495115777,0.16666666666666666
1292049632722395136,0.0
1292049674501685249,0.45
1292050494647656449,0.0
1292050961322713090,0.5
1292051061834842113,0.0
1292051130558689280,0.3583333333333333
1292051420225495041,0.06818181818181818
1292051575985311747,0.5
1292051584881438720,0.0
1292051828574531584,-0.3583333333333333
1292052027099377664,-0.008333333333333305
1292052148830838784,0.0
1292052515287003136,0.03333333333333333
1292053408854290434,0.5
1292053464827285504,0.0
1292053607374819329,0.39166666666666666
1292054156379815936,0.0
1292054163174506496,0.5
1292054268225224709,-0.44
1292054438304198666,0.45
1292055563245768704,0.4486607142857143
1292055961067229184,0.2
1292056047771774976,0.3208333333333333
1292056056554758144,0.09166666666666667
1292056219692097536,0.0
1292056421320855552,0.21904761904761905
1292057198080794629,0.5
1292057353399894018,0.0
1292057354448433153,0.0
1292057355362775040,0.0
1292058076942671873,0.008054315476190475
1292058138410008576,0.459375
1292058769858461696,0.20208333333333334
1292059673311444993,0.2916666666666667
1292060744025022465,0.028287337662337663
1292061086926200833,0.25
1292061154588725250,0.4964285714285714
1292061275468574720,0.0
1292061412307677184,-0.1555555555555556
1292061522756239360,0.04583333333333334
1292061693816733697,0.0
1292061746665054209,0.065
1292061806488440832,0.0
1292062031839780864,0.2
1292062181735960576,0.2
1292062467649142784,0.3833333333333333
1292062540386762753,-0.1555555555555556
1292062796394397699,0.4888888888888889
1292063162544652290,0.3181818181818182
1292063422478200833,0.0
1292064034221469698,0.2333333333333333
1292064593544482817,0.3121212121212121
1292064961494159361,0.05
1292065114754109447,0.11736111111111112
1292065494548336640,0.21333333333333335
1292065553360789504,0.5
1292066040629747712,0.0
1292066046363525121,0.65
1292066203758817280,0.14
1292066424526118913,0.0
1292066693007601664,0.0
1292066770111664130,0.0
1292066796095320065,-0.2380952380952381
1292066918753542144,0.3
1292067012315840514,0.2
1292067094004150272,-0.35714285714285715
1292067299176919040,0.5
1292067924274892800,0.0
1292068009880817669,0.2814814814814815
1292068053547651074,0.5208333333333333
1292068145599922176,0.031439393939393934
1292068191934582784,0.3333333333333333
1292068207646449664,-0.2878787878787879
1292068395962310656,0.5
1292068584252944385,0.25
1292068642042056705,0.0
1292069006107582466,-0.125
1292069142623735808,0.4
1292069241458274304,0.0
1292069362434809857,0.5
1292069559726465027,0.13636363636363635
1292069699514241024,0.0
1292069872021704704,0.375
1292070090809020416,0.0
1292070187852795904,0.675
1292070275383619585,-0.4583333333333333
1292070365196419072,0.5
1292070670462050304,0.13636363636363635
1292070722282520576,0.0
1292070766242983937,0.06874999999999999
1292071010963881984,0.15
1292071196524191745,0.0
1292071302937837570,0.06666666666666668
1292071363944026113,0.384375
1292071717662334976,0.03333333333333333
1292072032268673024,0.25833333333333336
1292072126539804674,0.0
1292072144860524544,0.33055555555555555
1292072196752519168,0.225
1292072206961319936,0.18227272727272728
1292072208039211008,0.0
1292072354114404353,0.14583333333333331
1292072373961674752,0.25833333333333336
1292072408854085632,0.5
1292072862346612736,0.2
1292073356175392769,0.0
1292073453109932032,0.43333333333333335
1292073714561908736,0.4636363636363636
1292074263416131584,0.25
1292074874978963458,0.0
1292075210167005184,0.5
1292075600178483200,0.0
1292075794416701440,0.4875
1292076481716396035,0.0
1292076753314369536,0.5
1292076843126919169,-0.17981770833333333
1292077135276978179,0.0
1292077176590917634,0.09444444444444444
1292077600827936768,0.2986111111111111
1292077682612678656,0.0642361111111111
1292078112646324224,0.1
1292078164907188224,0.016666666666666666
1292078191239000067,-0.011666666666666669
1292078968410079237,0.6
1292079247931006978,0.0987878787878788
1292079268285960193,0.5
1292079378856202244,1.0
1292079695467614209,0.2272727272727273
1292079719383543811,0.0
1292079795841318912,0.0
1292079983230410752,0.15
1292080026477764608,0.0
1292080712418500616,0.008333333333333331
1292081114568437765,0.375
1292081245170655238,-0.10011160714285712
1292081289097437189,-0.04166666666666666
1292081378243121152,0.5
1292081806133604353,0.4
1292082377217445888,0.0
1292082389053628417,0.3206060606060606
1292082765769441282,0.5
1292083312832512000,0.10833333333333334
1292083406524813314,0.7833333333333332
1292083808888451073,0.125
1292084028732891143,0.13636363636363635
1292084296749060096,0.0
1292084694943662081,0.03333333333333333
1292084784659861504,0.234375
1292085009847857158,0.3
1292085039262556162,0.5
1292085368951455744,0.3333333333333333
1292085571880443904,0.04666666666666667
1292085574917136391,0.05625
1292085959610306560,0.0625
1292085970632708097,0.7833333333333332
1292086306718339073,0.0
1292086457558065158,0.2777777777777778
1292086650022092801,-0.4944444444444445
1292086801625047041,0.275
1292086955308716033,0.0
1292087303880372225,0.25
1292087424554872832,0.33214285714285713
1292087691950133255,-0.08499999999999995
1292088072268582914,0.04285714285714285
1292088198118748165,0.0
1292088309284364289,0.0
1292088621118435329,0.0
1292088883820158976,0.0
1292088993815785479,0.18409090909090908
1292089225664438274,1.0
1292089652300709888,0.06666666666666668
1292089776892452864,-0.1
1292089812099399685,0.0
1292089909940019200,0.3476190476190477
1292090244699951105,0.1
1292090425852014592,0.390625
1292091236799717376,0.5333333333333333
1292091473802952704,-0.002727272727272731
1292091567126110208,-0.1555555555555556
1292091620800815106,0.25
1292091874593968133,0.0707070707070707
1292091910325063684,0.5
1292092149136334850,0.0
1292092265007988738,0.23625
1292092383513935872,0.2416666666666667
1292092500694327298,0.13659090909090907
1292092765925330944,0.13636363636363635
1292092835752271873,0.44166666666666665
1292092867389734913,0.0
1292092899254054917,0.0
1292092991000268803,0.7833333333333332
1292093254536695808,0.0
1292093346786099201,0.4
1292093441376059393,0.15326704545454545
1292093593641840641,0.725
1292093655096975360,0.04375
1292093702450696196,-0.16249999999999998
1292094253175316480,0.0
1292094297546690560,0.08333333333333333
1292094344854372354,0.0
1292094498013622274,0.0
1292094607723909121,0.5
1292094810678013953,0.3
1292094866395213824,0.06666666666666668
1292094946124673024,0.0
1292095131965849600,-0.0888888888888889
1292095382739189760,0.0
1292095542185431041,0.375
1292095653267595265,0.0
1292095673781944320,0.17777777777777778
1292095715037061122,0.3133333333333333
1292095725241634818,0.0
1292096869481488385,0.0
1292097407048544258,0.5
1292097860016775174,0.0
1292098251064315904,0.4
1292098544153825280,0.08928571428571427
1292098851424423942,0.2682291666666667
1292099083495264258,0.4425000000000001
1292099257739153409,0.4611111111111111
1292099402191056896,-0.044270833333333336
1292099616834543618,0.018750000000000003
1292099764591505409,0.0
1292099773844070402,0.4
1292099800364720129,-0.075
1292099999514451970,0.45
1292100059681652736,0.0
1292100204423008257,-0.1
1292100354629414912,-0.35714285714285715
1292100483646197760,-0.10416666666666667
1292100759824347136,0.5715909090909089
1292100797736587269,0.0
1292100937914384386,0.2833333333333334
1292101191049125888,0.459090909090909
1292101211949109249,0.22443181818181815
1292101341419048962,0.17530864197530865
1292101540879257606,0.0
1292102018136453120,0.3
1292102295308525568,0.25
1292102344000380929,0.0
1292102893827497985,0.2984375
1292102912085123073,-0.125
1292103114263130113,0.0
1292103183758761986,0.25
1292103386876141570,0.02784090909090909
1292103454299742208,0.0
1292103841358503941,0.0
1292104133256896512,0.5
1292104467266011136,0.375
1292104631812841477,0.6817891438802084
1292104708648099841,0.1
1292104901271592961,0.4079166666666668
1292105027729756160,0.0
1292105515468808192,0.0
1292105698223042560,0.2083333333333333
1292105809711828994,-0.13333333333333333
1292106794786074625,-0.25
1292106807670956033,0.0
1292107033576079360,0.075
1292107221128695808,0.0
1292107238279012353,0.0
1292107251885445123,0.0
1292107838823837697,0.0
1292107845601832962,0.3361111111111111
1292108151353999361,-0.3333333333333333
1292108359550881796,0.5
1292108480350949379,0.2
1292108851551109121,-0.3125
1292109065779281922,0.0
1292109279780958208,0.13425925925925927
1292109384282144769,0.0
1292109498639888384,0.8
1292109503270281216,0.19583333333333333
1292109611357687809,-0.14999999999999994
1292109903696474115,-0.1
1292109903994052608,0.0
1292109906909200386,0.0
1292110133552648192,0.0
1292110659438747650,0.0
1292111092483751942,0.35227272727272724
1292111377516068868,0.0
1292111553328754691,0.0
1292111587407429635,0.0
1292111720614305792,0.0
1292111859705950209,0.2333333333333333
1292112147032485889,0.5
1292112289341079553,-0.1
1292112421151219712,0.16666666666666666
1292112558011408384,0.0
1292112758176190464,0.009090909090909087
1292112910056075264,0.0
1292112983179632640,0.26633522727272724
1292112996962111495,0.0
1292113532058730496,0.15625
1292113782622375936,0.3203125
1292113816315142144,0.0
1292113968207736834,0.14431818181818182
1292114068204146690,0.0
1292114164853420032,0.005681818181818178
1292114165113540613,0.6272727272727272
1292114223737106433,0.075
1292114236366303233,0.3
1292114241454055424,0.0
1292114493447770113,0.625
1292114596602445826,0.21666666666666667
1292114704316477440,0.13636363636363635
1292115235587813377,-0.020454545454545458
1292115255108055042,0.125
1292115262058029056,0.2575757575757576
1292116120988598306,0.0
1292116786847129601,0.4166666666666667
1292116936201916416,0.0775
1292116985497739267,-0.02777777777777779
1292117249302523916,0.13636363636363635
1292117251080871937,0.0
1292117334921031680,0.5
1292117536805445633,0.1369047619047619
1292117691688337408,-0.004545454545454557
1292117739918614530,0.2965909090909091
1292117793605922821,0.36
1292118012670214145,0.19833333333333333
1292118096849887233,0.8
1292118384855875586,0.0
1292118497632423936,0.72
1292118577072480258,-0.01590909090909091
1292118605249880064,-0.004545454545454557
1292118801106874371,-0.5
1292118816173023232,0.0
1292119076538593281,0.31666666666666665
1292119086755909633,-0.04999999999999999
1292119148332343297,-0.02875
1292119832478003201,-0.08750000000000005
1292120309022236676,-0.2833333333333333
1292120527293775873,0.3375
1292120992941318147,0.0984848484848485
1292121017570283521,0.0
1292121288668930048,0.0
1292121409821519879,0.0
1292121438959304706,0.10000000000000002
1292121600872132610,0.5
1292121763690708999,0.0
1292121916627615744,0.5
1292122389401292800,0.0
1292122404039229440,0.34
1292122825667612672,-0.01666666666666667
1292122863340867584,-0.25
1292123005787811846,0.016666666666666666
1292123044408971264,0.0
1292123485183938560,0.04166666666666666
1292123636162232320,-0.16680476641414144
1292123664129773570,0.0
1292123768173854720,0.0
1292124281976037381,-0.2
1292124708977221632,-0.0703125
1292124721186844674,0.3133333333333333
1292125009666809858,-0.05517578125
1292125124670488577,0.0066666666666666645
1292125159957180424,0.11363636363636365
1292125243910176768,0.06166666666666665
1292125251892125697,0.7
1292125336377982976,0.0
1292125465268953089,0.40454545454545454
1292125638938238977,0.03131313131313132
1292126243727355905,0.125
1292126381422174208,0.16666666666666666
1292126396400058368,0.6
1292126897321713664,0.2583333333333333
1292126970059165698,0.0
1292127372167323648,0.01818181818181817
1292127820391436288,0.4
1292127889467543554,0.0
1292128272206180352,0.5
1292128405882896386,0.16666666666666666
1292128508743884801,-0.09821428571428573
1292128933069180928,0.15555555555555556
1292129461807218689,0.0
1292129706796621824,0.2090909090909091
1292129763042168834,0.5
1292129992030269442,0.0
1292130075907723264,0.0
1292130250160250883,0.18928571428571428
1292130495497744386,0.03131313131313132
1292130714918453255,0.20000000000000004
1292130878932561922,-0.3
1292130925690707974,0.06818181818181818
1292130964190179329,0.5
1292131114472083456,0.13636363636363635
1292131425597059074,0.0
1292131579029008384,0.5
1292131593176350726,0.4
1292131860995334144,0.078125
1292132149869584385,0.0
1292132628016111617,0.5386616161616161
1292132939212427267,0.3
1292133049392672768,-0.04479166666666667
1292133147937841153,0.4
1292133656018825216,0.0
1292134101261201414,-0.036458333333333336
1292134109377069056,0.0
1292134140209315843,0.13802083333333334
1292134206219390976,0.25
1292134230789685251,0.0
1292134274435612672,0.0
1292134371093368834,0.0008928571428571467
1292134794743119873,0.5
1292135279449513985,-0.018518518518518528
1292135334289932288,-0.04583333333333334
1292135541492899841,0.0
1292135715556401160,0.5
1292135728843902976,0.0909090909090909
1292135794187149319,0.31666666666666665
1292135799392219136,0.0
1292135821047484417,0.0
1292135999426961408,0.3
1292136134890455040,0.5
1292136463212060673,-0.06111111111111112
1292136549233065985,0.5
1292136660029841410,0.5499999999999999
1292136756746346497,0.0
1292136799813406722,0.0
1292136833610989568,0.5
1292137003522433024,0.0
1292137138688077831,0.27
1292137371031482368,0.8
1292137407588990983,0.2215909090909091
1292137412978708480,-0.039285714285714285
1292137642105155586,0.18333333333333332
1292137775320510471,-0.8
1292138036424110080,0.0
1292138200576618496,0.1377232142857143
1292138250312847365,0.0
1292138290364194822,0.5
1292138698625241088,0.0
1292138707496173572,0.7
1292139127153065986,0.5
1292139176708567040,0.31666666666666665
1292139703253303297,0.19
1292139805241901056,0.037083333333333315
1292140042819969025,-0.125
1292140177473916935,0.3944444444444444
1292140445246644226,0.3371212121212121
1292140536686575617,1.0
1292140565061144576,0.4166666666666667
1292140727229657095,0.14444444444444446
1292140743457493003,0.14416666666666667
1292140806615240707,0.275
1292140902811488256,0.0
1292140903373520900,-0.0893939393939394
1292140972638445568,0.15333333333333332
1292141285726236675,0.1
1292141330135748610,-0.1
1292141552324816898,0.125
1292141701218402306,0.3416666666666667
1292141764548075520,0.26875
1292141884303966208,0.0
1292141892331765761,0.0
1292141899659132929,0.5
1292142117108633601,0.34939393939393937
1292142751090343936,0.5
1292142778877698053,0.5
1292142871567507459,0.0
1292143027184496642,0.6333333333333333
1292143092015886336,0.11212121212121212
1292143265828032512,0.7500000000000001
1292143387005444097,0.3
1292143646951854087,0.05833333333333333
1292143689913991174,0.3
1292144498441687040,0.0
1292144661881139200,0.0
1292145130015727616,0.525
1292145191952973826,0.46625
1292145251256111105,0.5
1292145392235225089,0.5
1292145735518105605,0.0
1292145898403897344,0.125
1292145972173299713,0.0
1292146068545777664,0.1875
1292146131070263296,-0.24404761904761904
1292146235198058496,0.5
1292146377892540419,0.08333333333333333
1292146378119024642,0.0
1292146470561275904,0.0
1292146507366506496,0.21666666666666665
1292147181093294081,0.5
1292147194309427200,-0.005050505050505051
1292147272898281474,-0.05729166666666668
1292147355068895232,0.0
1292147783739363328,0.2333333333333333
1292147852869799936,0.10714285714285714
1292147920658210816,0.0
1292147971992301572,0.3444444444444444
1292148017051529217,0.21666666666666665
1292148175835295746,-0.25
1292148267921309700,0.06818181818181818
1292148310040547328,0.2333333333333333
1292148748232130573,0.0
1292149057918390272,0.0
1292149170640388097,0.4
1292149594705494016,0.125
1292149573625040898,0.2375
1292149753526939648,0.3
1292150235121106944,0.3
1292150352448552960,-0.02121212121212122
1292150499500855299,0.03333333333333333
1292150522200428546,0.28409090909090906
1292150814111404033,0.0
1292150908894285824,0.13636363636363635
1292150969564672001,0.0
1292151104189259782,0.3
1292151600006406146,0.0
1292151692654411783,0.5
1292151932950401025,0.4553571428571429
1292151977976111105,0.359375
1292152066434043904,0.5
1292152340846465025,0.0
1292152353856958464,0.0
1292152355912216578,0.0
1292152596841541633,-0.125
1292152597436985344,-0.24444444444444444
1292152625908113413,0.10634920634920636
1292152649907761154,0.0
1292152776135499782,0.16666666666666666
1292152924555169800,0.25
1292153395416125441,0.5
1292153769300566017,-0.06868686868686869
1292153981129629699,0.1345959595959596
1292154174491242496,-0.060606060606060615
1292154273652858880,0.0
1292154650859249664,0.0
1292155242054742017,-0.06868686868686869
1292155421411639296,0.1810606060606061
1292155484766494721,0.24444444444444444
1292155588189622272,0.8
1292156390278979584,0.4166666666666667
1292156942908108801,0.14285714285714288
1292157269455454210,0.04166666666666666
1292157429568987137,0.0
1292157491799785472,0.0
1292157528021905408,0.3
1292157584028372997,0.13636363636363635
1292157765431877634,0.5
1292157988946317312,0.67724609375
1292158126574247938,0.19318181818181815
1292158371387318272,0.0
1292158408418680834,0.0
1292158683112255489,0.5
1292158752280530944,0.05000000000000003
1292158875488022529,0.4666666666666667
1292159068640088064,0.5
1292159267584315401,0.0
1292159389189775362,0.16666666666666666
1292159970088296449,0.0
1292159980318199808,0.5
1292160046269255681,0.25
1292160061352026112,0.20000000000000004
1292160565826080769,0.0
1292160639692021760,0.0
1292161167167762433,0.16666666666666666
1292161307265785856,0.6
1292161647142936576,0.3232323232323233
1292161863225090048,0.3191666666666667
1292161903737921537,-0.03819444444444444
1292162015977508865,0.0
1292162163365179392,0.075
1292162164979937281,0.0
1292162287415984133,1.0
1292162694368329729,0.125
1292162821384359937,0.7
1292162928649678850,-0.1
1292163021482205197,0.125
1292163172946907137,-0.2
1292163376890732544,0.6
1292163426626621440,0.06666666666666668
1292163441696923649,0.4
1292163501729832961,0.15833333333333335
1292163517475364865,0.1651515151515151
1292163666809421824,0.08333333333333333
1292163671947345921,0.25
1292163759390195713,0.3125
1292163881746522112,0.0
1292164015985221632,-0.328409090909091
1292164148697141250,0.4
1292164148265091078,0.0
1292164223183859718,0.0
1292164357413994497,0.5
1292164375768334336,0.5333333333333333
1292164470635208708,0.2333333333333333
1292164494542733312,0.0
1292164495196868608,0.0
1292164610443943938,0.36666666666666653
1292164976770244609,0.25
1292164981962596352,0.16742424242424242
1292164991848652801,0.5625
1292165099210375174,0.1821428571428572
1292165161948794880,0.0
1292165279439622144,0.2
1292165538202886145,0.0
1292165911709876227,-0.5
1292166092903739392,-0.00833333333333335
1292166489005387782,0.0
1292167480903897089,-0.07083333333333333
1292167535559835648,0.21818181818181814
1292167675515371522,0.0875
1292167834902990848,0.4
1292167838594150404,0.0
1292167858844127232,0.04545454545454545
1292167859540566016,-0.075
1292167904457302017,0.375
1292168098695569408,0.21666666666666667
1292168158246182914,-0.019958043981481467
1292168322709098496,-0.49375
1292168532759908354,0.5
1292168745218179072,0.0
1292168748737146881,0.5
1292168968409677824,0.0
1292169080737337356,0.15833333333333333
1292169091420053506,0.5
1292169370127474689,0.10189393939393937
1292169388150476803,-0.04107142857142858
1292169427547430912,0.4166666666666667
1292169468739825666,-1.0
1292169648365088768,0.6
1292169689150263296,-0.2972222222222222
1292169792284131330,0.0
1292170120148721664,0.45625
1292170199458820099,-0.2
1292170224574197762,0.0
1292170231008247808,-0.3083333333333333
1292170504883896326,0.0
1292170541395255301,0.4
1292170613801484288,0.0
1292170936763011073,-0.78125
1292171421376892929,0.25
1292171649756860416,0.025
1292171826848817159,0.12083333333333332
1292171941504262145,0.24285714285714285
1292171995493343234,0.25
1292172396342829056,0.25
1292172845276004352,1.0
1292173041951215617,0.0
1292173131097006082,0.0
1292173176575856644,0.5166666666666667
1292173187921272833,0.0
1292173206808223744,-2.1645021645024427e-05
1292173401323450370,0.0
1292173480167972864,0.6666666666666666
1292173788386336769,0.0
1292174122793877504,0.4166666666666666
1292174170676133890,0.5
1292174173960200198,0.062499999999999986
1292174392579956736,0.4166666666666667
1292174922937139200,0.275
1292175020236713985,0.17791666666666667
1292175156132089859,0.175
1292175339976679424,0.0
1292175877585825797,0.4333333333333334
1292176005260607490,0.3121212121212121
1292176044649254913,0.17272727272727273
1292176101599514624,0.4066666666666666
1292176290452320256,0.0
1292176407422857217,0.2333333333333333
1292176459428253697,0.2075
1292176530445971456,0.5
1292176936295215104,0.455
1292177014934458368,0.4
1292177095469068290,0.0
1292177208677720066,0.0
1292177358846341120,0.0
1292177376978317313,0.5
1292177401393418241,0.2
1292177653462532096,0.0
1292177654762729472,0.016666666666666673
1292177792101003264,0.5
1292177964113813504,0.0
1292178159895343105,0.35714285714285715
1292178279244410881,0.125
1292178284415987714,0.17500000000000002
1292178292817133572,0.08522727272727272
1292178316322131969,0.0
1292178384932483072,0.3590909090909091
1292178428049985536,-0.016666666666666666
1292178469774921736,-0.2083333333333333
1292178734318067714,0.5
1292178843432779782,0.13124999999999998
1292178946554040320,0.0
1292179165009940482,0.5354166666666667
1292179532540047361,0.25
1292179610680143872,0.0
1292180104735588353,0.03333333333333333
1292180549302398976,0.4
1292180586677886977,0.2571428571428572
1292181365790842881,0.0
1292181431288987648,0.28409090909090906
1292181463136210945,0.25
1292181493712920580,0.2
1292181672427810816,0.2
1292181751192784900,0.0
1292181800492597250,0.0
1292181882768154625,0.13333333333333333
1292182317834874881,0.0
1292182368988606471,0.0
1292182901690372096,0.45
1292183231522115585,-0.06979166666666667
1292183352980668418,0.0
1292183368604348416,0.355
1292183432366194688,0.2
1292183453866360832,0.09999999999999998
1292183457351831552,0.03273809523809523
1292183462531588097,0.0
1292183527161761794,-0.6
1292183549722927108,0.0
1292183565061562370,0.1
1292183595176677379,0.5166666666666667
1292183933040431106,0.5766666666666667
1292184069783117824,0.16666666666666666
1292185162646773771,0.2333333333333333
1292185461855748101,-0.3
1292186112442720256,0.0
1292186470191636483,-0.21
1292186896790151168,0.2372727272727273
1292186950787637255,0.3181818181818182
1292187024833892352,0.275
1292187126252150784,0.0
1292187206883237888,0.1875
1292187241511555074,0.14272727272727273
1292187434332061697,0.0
1292187524702535680,0.1259469696969697
1292187557850230785,0.5
1292187585360490496,0.0
1292187751769489409,-0.010551948051948055
1292188105089392640,0.2958333333333333
1292188207082278913,0.0
1292188466608889856,-0.016666666666666663
1292188485760225280,-0.1
1292188500180316162,0.07708333333333331
1292188601242005510,-0.0016666666666666705
1292188689016053760,0.5
1292188879055773697,0.12
1292188971477303296,0.3499999999999999
1292189197571371010,0.0
1292189270396907520,0.2759469696969697
1292189338751524864,0.3333806818181818
1292189418678353923,0.125
1292189424298622976,0.022222222222222216
1292189511888273409,0.16818181818181818
1292189703983304705,-0.4000000000000001
1292189705992376328,-0.125
1292189706969636864,-0.07142857142857142
1292189707976286209,0.24285714285714285
1292189711109427203,-0.18518518518518526
1292189759402639361,0.0
1292189843964006405,0.26666666666666666
1292189857901473792,0.0
1292190110688006145,0.03333333333333333
1292190360769384448,0.0
1292190581205204992,0.03333333333333333
1292190764986970112,0.0
1292190988283400194,0.275
1292191021737156608,0.5375
1292191149722152962,0.2791666666666667
1292191177375014912,-0.058593749999999986
1292191395839651841,0.0
1292191396548485120,0.0
1292191805400899584,0.21666666666666667
1292192083768418314,-0.07589285714285714
1292192174570909697,0.0
1292192268473053185,0.0
1292192479417073664,0.19375
1292192487965163521,-0.04583333333333334
1292192539873808385,0.36875
1292192619619946496,-0.16666666666666666
1292192621918478336,-0.13888888888888887
1292192620836294658,0.175
1292192624892420097,0.3388888888888889
1292192631947026433,0.16
1292193196538093568,0.0
1292193258509148162,0.25
1292193259125694465,0.5
1292193282756206592,0.85
1292193286376087552,0.5208333333333334
1292193379627851776,0.5
1292193596657905664,0.5
1292193597513781248,-0.07589285714285714
1292193680439349251,0.375
1292193908240285696,0.0
1292194028231045120,0.3
1292194352425566208,0.3340909090909091
1292194355873304576,-0.07500000000000001
1292194604545200128,0.0
1292194835223310336,0.0
1292194938231435265,0.525
1292195133933281280,0.09375
1292195429476700161,0.42
1292195509445300224,0.0
1292195654324891651,0.13636363636363635
1292195760658944000,0.13636363636363635
1292196101320134657,0.0
1292196102272438272,1.0
1292196759746351109,0.225
1292196810950430724,0.5
1292197018237128706,0.2
1292197215318966272,-0.1
1292197652965273601,-0.125
1292197854719750144,0.26666666666666666
1292198060320325634,-0.15000000000000002
1292198531487465475,0.08535714285714284
1292198673468792832,0.21212121212121213
1292198880461967363,-0.05
1292198955837796353,0.3181818181818182
1292198978180624386,0.55
1292199031393988610,0.15625
1292199065699188737,0.3333333333333333
1292199688108728320,0.13636363636363635
1292199951267659777,-0.36458333333333337
1292200028329709568,0.006944444444444438
1292200138409115649,0.0
1292200327480070145,0.1
1292200501057118211,0.37083333333333335
1292200533231415296,0.2375
1292200742267187200,0.0
1292200815055208449,0.91552734375
1292201215544242176,0.42291666666666666
1292201405110013954,0.5
1292201415880957952,0.0
1292201907230892032,0.1866666666666667
1292202690248871938,0.0
1292202973867773953,0.2
1292203049604308992,0.3
1292203419797774336,0.4208333333333333
1292203430329688064,-0.07333333333333335
1292203579986518016,0.5
1292203629361991681,-0.21851851851851853
1292204177595211776,0.625
1292204312211333121,0.2625
1292204337427513346,0.0
1292204650867724288,0.4888888888888889
1292205325106413569,-0.02604166666666668
1292205349819170816,0.2857142857142857
1292205353497554944,0.28125
1292205357377310720,0.6
1292205474088202240,0.24318181818181814
1292205576378888193,0.0
1292205645014470658,0.3005952380952381
1292205714761539584,-0.023063973063973082
1292205939311783936,0.13636363636363635
1292206132828700677,0.40277777777777785
1292206382310072320,0.0
1292206473108434945,0.25
1292206865179447297,0.10227272727272724
1292206989796429824,0.06666666666666668
1292207001574023174,-0.12222222222222225
1292207016988073986,0.3125
1292207189793234944,0.17500000000000002
1292207526818217985,0.11666666666666665
1292207685241200640,0.1903409090909091
1292207737326247939,0.05
1292208012631867393,0.44166666666666665
1292208352462856193,0.0
1292208659225890817,0.6
1292208896174628868,0.0
1292209167726522370,0.39166666666666666
1292209575769202688,0.475
1292209576172040192,0.0
1292209607293538304,0.14285714285714285
1292209690147840000,0.1875
1292209979814866946,0.25
1292210189291094018,0.375
1292210261785534465,0.08333333333333333
1292210265384259586,0.37083333333333335
1292210269029105664,1.0
1292210388952444928,0.0
1292210458456358917,1.0
1292210532779524096,-0.0625
1292210652208144384,0.0
1292210983385968641,-0.0625
1292211019427663872,0.02
1292211051933708294,0.0
1292211172901638150,-0.3
1292211402120339466,0.0
1292211661668057088,0.0
1292212011057766405,0.3333333333333333
1292212176103579655,0.39
1292212284375408640,0.1590909090909091
1292212502332399622,0.0
1292212664819572736,0.175
1292212713607725057,0.0
1292212723732946951,0.46190476190476204
1292212790099312641,0.16666666666666666
1292212831149056000,0.0
1292213080303247362,0.2777777777777778
1292213084115869696,0.5
1292213945323880448,0.0
1292214052823932928,0.4839285714285714
1292214314078818310,0.425
1292214908776517634,-0.03333333333333333
1292214940170964995,0.25
1292214962983665668,0.4571428571428571
1292214988569018368,0.0
1292215042948071424,-0.10833333333333334
1292215241527439360,0.0
1292215375057367042,0.2561507936507937
1292215536382812165,0.0
1292215692872359942,0.07500000000000001
1292215824422502401,0.5
1292216095806386176,0.0
1292216556991152129,0.3121212121212121
1292216586019971073,0.010416666666666666
1292216867239505920,-0.3333333333333333
1292217050954268672,0.08249999999999999
1292217050996375553,-0.00714285714285715
1292217142625132544,0.4166666666666667
1292217199306985477,0.0
1292218125270888448,0.3711867559523809
1292218203876122625,0.0
1292218529970884609,0.13636363636363635
1292218664532377600,0.2
1292218842941468672,0.0
1292219144365015042,0.3
1292219253404381188,0.4025
1292219548150706176,0.0
1292219838388146181,0.0
1292220204332843010,0.21875
1292220205435719681,-0.15
1292220206862012424,0.0
1292220207843483648,0.325
1292220320015933441,1.0
1292220363405852672,0.0
1292220952659611648,0.0
1292220989863014405,0.11875
1292221483545006080,0.5
1292221693742718976,0.2
1292221751275945987,0.3375
1292222223005224961,0.0
1292222397475676162,0.3
1292222431059419136,0.13472222222222222
1292222467583303680,0.275
1292222824598429696,-0.75
1292222992399970304,0.5666666666666667
1292223142874746880,-0.1264880952380952
1292223328128774144,0.3166666666666667
1292223386706481153,0.24450757575757576
1292223402669821953,-0.2453125
1292223475994656768,0.0
1292223486463795201,0.5625
1292223501039022080,0.0
1292223545112702977,1.0
1292223810779979778,0.0
1292223847299776512,-0.16666666666666666
1292223918464307201,-0.06666666666666665
1292223989402595328,0.1625
1292224388100771843,-0.25
1292224467851268099,0.0
1292224873004249089,0.2
1292224939890745345,0.0
1292225141913591809,0.6333333333333333
1292225281311363073,0.1831261837121212
1292225637307101187,0.00416666666666667
1292225643355217922,0.14027777777777778
1292225644307283968,0.25
1292225645284667392,0.125
1292225646249287680,0.3
1292225813136510977,0.0
1292226200878768130,0.0
1292226269501743109,-0.025
1292226343518769152,0.03409090909090909
1292226367552135169,-0.1
1292226497441406976,0.0
1292226639741386753,0.25625
1292226933405749250,0.06666666666666665
1292227196589953026,0.0
1292227468980625410,-0.004761904761904763
1292227533488836608,0.4166666666666667
1292227872808038400,0.0
1292227983172829184,0.0
1292228417774063616,0.08484848484848484
1292228509545316352,0.2583333333333333
1292228603489419264,0.20833333333333331
1292228694589800449,0.0
1292228756543807488,0.3666666666666667
1292228761556058114,0.08333333333333333
1292228950337486849,0.1
1292229210073894912,0.0
1292229237886398469,0.0
1292229748538695680,0.4
1292230021130715136,0.5416666666666666
1292230043767250945,0.26666666666666666
1292230120753618944,0.0
1292230224118243328,0.06818181818181818
1292230310671917062,0.0
1292230445921435648,0.0
1292230454456782848,0.7250000000000001
1292230511012614144,0.07857142857142857
1292230887573250048,0.4
1292231455163273218,0.26666666666666666
1292231862912462850,0.0
1292232150851489795,0.0
1292232335396569088,0.1787878787878788
1292232508998709248,0.25
1292232898272165888,0.5
1292233221560774656,0.21752380952380956
1292233563618840578,-0.02840909090909091
1292233664852615170,0.125
1292234078385655811,0.5
1292234371131482120,0.0
1292234721934495744,0.625
1292235039233716225,0.0
1292235550133542913,0.35
1292235820041199621,0.04166666666666666
1292235868967563264,0.0
1292236724727406592,1.3877787807814454e-17
1292236909717012480,0.03560606060606062
1292236911000485889,0.0
1292236915383574529,0.2916666666666667
1292236916989943809,0.0
1292237167528251393,0.0
1292237188302647296,0.2
1292237238697418753,0.3
1292237278010462208,-0.05
1292237645158977537,0.0
1292237660929564672,0.16666666666666666
1292238041327665152,0.0
1292238042275569664,0.1
1292238627653791744,0.3
1292238910643298304,0.6428571428571428
1292239018457993216,0.25
1292239098871193600,0.1006060606060606
1292239261715103747,0.9765625
1292239306812084226,0.0
1292239737076551687,0.08333333333333333
1292239895654785024,0.2
1292240150135808000,-0.15401785714285712
1292240151100436480,0.3333333333333333
1292240152153264128,0.2715909090909091
1292240153227005952,0.00416666666666667
1292240154241961984,-0.14930555555555555
1292240155311570949,0.15416666666666667
1292240158423683074,0.1578125
1292240159438704640,0.125
1292240160369848333,0.125
1292240161309364226,0.3
1292240161619750915,0.0
1292240329429704706,0.0
1292240416151134209,-0.15401785714285712
1292240417099001856,0.3333333333333333
1292240418097319936,0.2715909090909091
1292240419284279298,0.00416666666666667
1292240420349640704,-0.14930555555555555
1292240421444366336,0.15416666666666667
1292240424560668672,0.1578125
1292240425617588225,0.125
1292240426691436544,0.125
1292240427798671360,0.3
1292240885376262146,0.0
1292240887364218881,-0.05
1292240901071396865,0.4291666666666667
1292241481403699201,0.0890151515151515
1292241803509248000,0.4611111111111111
1292241849214808065,0.42857142857142855
1292241955997413376,0.2427083333333333
1292242444290084864,0.34
1292242526506754051,0.0
1292242367303409664,-0.07500000000000001
1292242597705125888,0.375
1292242719272730624,0.7
1292242862751584268,0.0
1292243011657662464,0.2291666666666667
1292243141702148096,0.03333333333333333
1292243162627371008,0.5
1292243812853538816,0.4
1292243832285757440,0.0
1292244549641940992,0.4166666666666667
1292244861710503936,0.0
1292244888701018113,0.0
1292244909429317633,0.5025000000000001
1292245036168552449,0.26666666666666666
1292245178141614080,0.55
1292245372807544832,1.0
1292245779923574784,0.3333333333333333
1292245853315444738,0.2537878787878788
1292246933302517760,0.275
1292246948766814208,0.0
1292247052320153600,0.13636363636363635
1292247080409473024,0.0
1292247088349184001,0.0
1292247365726994434,0.2575757575757576
1292247523961208832,0.0
1292247881680855040,0.2
1292247946520666113,0.0
1292247992557359105,-0.16666666666666666
1292248139240337408,0.12222222222222222
1292248139777351681,0.03333333333333333
1292248736739946497,0.5
1292249074926628864,0.4321428571428572
1292249257790124034,0.0
1292249570085351424,0.0
1292249823039688705,0.13636363636363635
1292250134596726787,0.10000000000000002
1292250389371392002,0.240625
1292250659375349760,-0.08333333333333334
1292250697841270784,-0.06666666666666668
1292250914246533120,0.03333333333333333
1292251065253994497,0.43333333333333335
1292251758270361600,-0.04166666666666666
1292251759381889024,0.0
1292251804353388546,0.0
1292251952861130753,-0.005555555555555557
1292252008137682945,0.3111111111111111
1292252110894125057,0.375
1292252312048738304,0.4166666666666667
1292252366297640961,0.0
1292252415656435712,0.5
1292252516806045696,0.4
1292253199869652995,-0.09375
1292253355897769985,0.29000000000000004
1292253940323622914,0.15000000000000002
1292254283669413897,0.46875
1292254299544784897,0.1
1292254590075842561,0.125
1292255381473955841,0.5166666666666667
1292255758831288326,0.0
1292255791827705857,0.13333333333333333
1292256034959101954,0.03333333333333333
1292256061068644352,0.55
1292256148507303936,0.22064393939393945
1292256331324325889,0.125
1292256380468916225,1.0
1292256453709852672,0.55
1292256547490410498,0.0
1292256649038749696,0.0
1292256856426061825,0.0
1292256886633332736,0.0
1292257018854678534,-0.10625
1292257336657141760,0.2
1292257654136377347,0.0
1292257910366625795,0.1
1292258277019926530,0.0875
1292258289070174208,0.0
1292258328240955393,0.4166666666666667
1292258425569771521,0.1065909090909091
1292259199276273664,-0.25
1292259298119159808,0.125
1292259805277478912,0.03333333333333333
1292259922038718464,0.0
1292260386306174976,0.0
1292260462172798976,0.25
1292260515301990400,0.3340909090909091
1292260569085616128,0.0
1292261169194061829,0.0
1292261211099344902,0.0
1292261278908665856,-0.171875
1292261364560347136,0.5
1292261686464765954,0.0
1292261865079230465,0.16666666666666666
1292261907550756865,-0.04285714285714284
1292261974496116736,0.25
1292262023217242113,0.0
1292262269649391617,-0.125
1292263126268665856,0.0
1292263370825977857,-0.04285714285714284
1292263436001226752,0.3666666666666667
1292263553160929283,0.3840909090909091
1292263765094924288,0.4333333333333333
1292263848867758082,0.425
1292263879716802560,0.006031746031746032
1292264343804018694,0.5333333333333333
1292264796545572868,1.0
1292265068529438720,-0.4
1292265155280228353,0.2
1292265603869241345,0.0
1292265762619568129,0.0
1292265814238720000,0.315
1292265978944839680,-0.06666666666666668
1292266133723127809,0.2041666666666667
1292266252182982657,0.08148148148148147
1292266358852530176,-0.2125
1292266521318785029,0.375
1292266605091491840,0.09659090909090907
1292266607134175232,0.011111111111111106
1292266620107317249,0.4000000000000001
1292267067618414593,0.3180555555555556
1292267505600405505,0.04166666666666666
1292267564568129537,0.27878787878787875
1292267934929354752,-0.6
1292268115263356929,0.26666666666666666
1292268536128311297,0.435
1292268620823789568,0.3125
1292268784779231233,0.0
1292268808829317121,0.03333333333333333
1292269388221968384,0.35651041666666666
1292269559685287937,0.053333333333333344
1292270165657366530,0.0
1292270391109586945,0.26666666666666666
1292270493219860480,0.08125
1292270868232634378,0.25
1292270913631657984,0.21079545454545456
1292270957751611395,0.21875
1292271379631480833,0.9270833333333334
1292271636989837319,0.9270833333333334
1292271766170083329,0.4
1292272278772879360,0.0
1292272280211529734,0.5166666666666667
1292273983619059712,-0.05625
1292274012366745600,0.0
1292274053882019843,0.03333333333333333
1292274060244779008,0.2090909090909091
1292274083414061056,-0.23333333333333325
1292274090238251011,-0.6
1292274860111126528,0.13636363636363635
1292275128022085633,0.5044642857142857
1292276131874459648,0.3333333333333333
1292277098074132481,0.25
1292277295898677248,0.37265625
1292277758220013574,0.2
1292278465400655872,0.2857142857142857
1292278725199855618,0.0
1292278953974145027,0.3888888888888889
1292279022836166658,0.0
1292279033183580160,0.0
1292279111281520640,0.0
1292279459001729024,0.0
1292279515104845825,0.09722222222222224
1292279972959326209,0.0066666666666666645
1292280183576236032,0.3514285714285714
1292280562640539649,0.3750000000000001
1292281413807624192,0.2
1292281454118842368,0.3787878787878787
1292281455205220353,0.0
1292282098817146885,0.325
1292282218388348928,0.23222222222222225
1292282437016354816,0.0
1292282519078010880,0.13636363636363635
1292282993596407808,0.3
1292283221015769095,0.0
1292283263239835648,0.0
1292283324178800645,0.0
1292283559055626241,0.0
1292283664877989894,0.24318181818181814
1292283930138365953,0.0
1292284038716297224,0.13636363636363635
1292284374973644800,0.0
1292284560500232192,0.4904166666666666
1292284597523234817,0.125
1292284757368332301,0.375
1292284798392774656,-0.07734374999999992
1292285062369685505,0.37
1292285113431187456,0.06666666666666668
1292285169672638464,-0.10416666666666667
1292285472195174401,0.0
1292285859107143682,0.5
1292285875515080704,0.08680555555555555
1292285955253116930,0.0
1292286339099037697,0.2
1292286398913843201,0.0
1292286739541684225,0.4166666666666666
1292286817396547584,0.12355324074074076
1292287357878546432,-0.024999999999999998
1292287884607860738,0.2388888888888889
1292288028170432513,-0.005555555555555572
1292288056637128705,0.06818181818181818
1292288066472890368,0.32857142857142857
1292288222605783043,0.434375
1292288568740593665,0.390625
1292288733312671744,-0.5
1292289308095913985,0.478125
1292290247599034369,0.13636363636363635
1292290465144995841,0.19454545454545452
1292290467024064512,0.3416666666666666
1292290659198496769,-0.18181818181818185
1292290891168788480,-0.016666666666666666
1292291167846043648,0.75
1292291821205368843,0.08333333333333333
1292292202773852162,0.17142857142857146
1292292380440301570,-0.10714285714285716
1292292727984529409,0.75
1292292877620568065,0.10357142857142856
1292293099234799616,0.375
1292293461593423879,0.5125
1292293604157927424,0.02
1292293649754202112,0.12878787878787878
1292294021281456131,0.4444444444444445
1292294270666387456,0.0
1292294349557039105,0.3166666666666667
1292294429383036928,0.0
1292294560983515138,0.0
1292294860146380803,1.0
1292294981651226624,0.03333333333333333
1292295186987520001,0.0
1292295270458363904,0.0
1292295421298180096,0.016666666666666666
1292295815239589889,0.2
1292296329528397825,0.043749999999999976
1292296551432204290,0.04999999999999999
1292296552870887424,0.24242424242424246
1292296652859080704,0.625
1292296735960645633,0.035416666666666666
1292296912746565632,0.03333333333333333
1292297277143420929,0.5
1292297391006261250,0.04166666666666666
1292297473671733248,0.0
1292298169900990464,0.3375
1292298249026633728,0.0
1292298320283607041,0.125
1292298464622190592,0.0
1292298501360099328,0.0
1292298512932241408,0.36818181818181817
1292298929556643840,0.3095052083333333
1292299545267843072,0.39666666666666667
1292299576267833344,0.8
1292299587454148608,0.2
1292300441577979904,0.2635416666666667
1292300712454402048,0.11875
1292300757174280192,0.0
1292301357232173056,0.25833333333333336
1292301469169975297,0.3
1292301522685091851,0.0
1292301757842939905,0.0
1292302038466871296,0.2360677083333333
1292302126585196544,0.35
1292302419943186437,0.5
1292302633349382144,0.17424242424242425
1292302650059489281,0.2360677083333333
1292302654266195968,0.0
1292302700625956864,0.28
1292302750303150081,0.18125
1292303196900200448,1.0
1292303615261126656,0.1
1292303641253236736,0.1
1292303720563249152,0.8000000000000002
1292304145538592768,0.4972727272727273
1292304326598307846,-0.026785714285714284
1292304663094743041,-0.5659090909090909
1292304726558736384,0.0
1292305433110118414,0.0
1292305563838283792,0.17083333333333334
1292305936875261952,0.0
1292306971664629760,0.0
1292307110202466304,1.0
1292307168205647875,0.12166666666666667
1292307290356363272,0.21875
1292307466299088899,0.5
1292307502147571712,0.0
1292307658230435841,0.0
1292307968768086017,0.0
1292308576439021573,0.175
1292308650736979969,-0.05
1292308678838804480,-0.13888888888888892
1292308975996809217,0.0
1292309132075323392,0.7666666666666666
1292309548313837569,0.0
1292309582291902465,0.0
1292309989361582085,0.0
1292310037986250752,0.741796875
1292310388831289345,0.5
1292310530917621760,0.2747159090909091
1292310542204506114,0.2090909090909091
1292310973684969472,0.0
1292311443078098945,0.0
1292311773274677248,-0.1875
1292312409504460800,0.8
1292312670365011968,0.13636363636363635
1292312900913311746,0.39696969696969703
1292313119927218176,0.0
1292313159353511937,0.0
1292313208934617088,-0.2
1292313492737814528,0.0
1292313673814269952,0.3861111111111111
1292313924940046337,0.3
1292314253202866177,0.3715909090909091
1292314316444766208,-0.25
1292314443452473350,0.5
1292314661300428803,0.0
1292314826866339845,-0.2
1292315151522201601,0.4
1292315241980690433,0.8
1292315498500292614,0.0
1292315499628380160,0.0
1292315640938868741,0.1314814814814815
1292315807951749121,0.0
