id,sentiment
1240790800088403968,
1240791066011488257,
1240796072735375366,
1240799104009150464,
1240804304463822849,
1240807740542537730,
1240807990862606336,
1240808718326853632,
1240810427954499586,
1240813351946653696,
1240815975118696448,
1240822067106209794,
1240824577225154560,
1240824614797717504,
1240825552547782657,
1240825611544920065,
1240829118578479104,
1240830117913538561,
1240830400567693317,
1240831091973464064,
1240831537081434112,
1240834756784336898,
1240835447309418497,
1240836516806443009,
1240845664839442432,
1240847432776323078,
1240853875311214598,
1240854588644876288,
1240855328876630019,
1240864449843671040,
1240865299991343111,
1240871384168796160,
1240872207221473280,
1240873260734128128,
1240875910808719360,
1240878077791567874,
1240895338740879361,
1240897148415336448,
1240898573123944448,
1240898667835506689,
1240916378946863105,
1240938332500168704,
1240966806522810370,
1240972562861039620,
1240999910951890946,
1241001939183124487,
1241004065276022785,
1241017551171260416,
1241018195554770945,
1241022290051112961,
1241030798288945152,
1241033841839661056,
1241034534675722242,
1241036413031698433,
1241036740758048769,
1241047980536455169,
1241049114445578243,
1241054418591797249,
1241056889917620224,
1241057978750566408,
1241058413754417153,
1241065882694156288,
1241068075425857541,
1241075581598433281,
1241078441748959233,
1241080025371144192,
1241080307983548416,
1241086369063190530,
1241088446959104002,
1241088551443410950,
1241088881195233280,
1241091351011160064,
1241092890337652736,
1241093266717782017,
1241096761512468486,
1241098119338737664,
1241101637013233664,
1241103939073904640,
1241104670862594049,
1241106284411322370,
1241107645483962376,
1241108424227614720,
1241112251072794624,
1241118433670049796,
1241118554692427777,
1241125538384707587,
1241140013741387776,
1241153456079024133,
1241155005157122050,
1241158860792045574,
1241159609521504256,
1241160039810904064,
1241161778643558406,
1241174935042744323,
1241179472893706241,
1241184163144724480,
1241184229813354504,
1241185420727029761,
1241186480078204929,
1241186735213535232,
1241187061912174592,
1241188173847228416,
1241194323233968128,
1241195166645575680,
1241201312123031555,
1241202434376192001,
1241205285538193408,
1241209869086179331,
1241210200037699584,
1241210407185985537,
1241210998964416512,
1241212687444365312,
1241213867964989442,
1241217954378928128,
1241221824375140352,
1241225044036108288,
1241231856395313153,
1241235375269404672,
1241242250673369089,
1241242559319588864,
1241243228411760642,
1241248237551575040,
1241280265584087040,
1241284278144524290,
1241288206458523648,
1241349089138290688,
1241356593196937216,
1241361754417848321,
1241363270079901697,
1241363780044537857,
1241367193566228481,
1241373132235014144,
1241379940651749377,
1241390348171120640,
1241398259488141312,
1241399516307357697,
1241401737208123394,
1241403524166094848,
1241404400171732992,
1241406353689714689,
1241412806345396224,
1241422881432711171,
1241424462689579008,
1241425576323407872,
1241429389117665280,
1241431356401422336,
1241440154717487109,
1241441855599976450,
1241444714307637248,
1241444984991211521,
1241445156303355916,
1241445471660490752,
1241453589605650432,
1241454089516519431,
1241455908758192128,
1241457541684453376,
1241457712388603910,
1241459654485520392,
1241461282743758854,
1241462981742997510,
1241463650466107392,
1241467736028520448,
1241469324679942147,
1241478305787908096,
1241479299414126592,
1241480214015852544,
1241483277837438976,
1241491123614474243,
1241493545221054469,
1241496370952970247,
1241499789445017601,
1241500329646026753,
1241502024577036291,
1241505562908639234,
1241506190208708608,
1241508039020199946,
1241513749472837632,
1241514225635405825,
1241514450122915842,
1241515843239936000,
1241518125557977089,
1241521083548827650,
1241521118177001473,
1241521335437651969,
1241524274663481344,
1241525273801129985,
1241526572819124225,
1241527482026729474,
1241531672430067712,
1241537454613512192,
1241537553129447425,
1241538092378525698,
1241541562661851136,
1241541647894228994,
1241542556971909122,
1241544485840007171,
1241546978233708544,
1241547284481019905,
1241548268062085120,
1241549212707246081,
1241551064576360450,
1241553812525064192,
1241556160475549696,
1241558145916428288,
1241558589715742720,
1241564391486734338,
1241565889897680897,
1241566812715786242,
1241587012248965121,
1241589304322818050,
1241592153224118272,
1241593576305369088,
1241594297742434304,
1241597374679543808,
1241598954048872448,
1241599194734919682,
1241603793864843264,
1241605706601635840,
1241655525986664448,
1241723918504701953,
1241725666006982658,
1241737521400123394,
1241737677847789573,
1241737845125021696,
1241740917486358529,
1241742332036349955,
1241745438191034370,
1241755342293393415,
1241761311442124802,
1241761799231410179,
1241771584945299456,
1241772793949290496,
1241774267789971456,
1241780622676447232,
1241782618691178498,
1241785630427938817,
1241792392610496512,
1241794881229443072,
1241795309765898241,
1241797384218259456,
1241798671961935873,
1241800224038727680,
1241801520745717764,
1241804143171428352,
1241804691580862465,
1241807788499705862,
1241810747392434176,
1241815297708834816,
1241815931505893376,
1241822700185825282,
1241824849724608521,
1241825919322542087,
1241832529256157187,
1241834366239518720,
1241838001296216064,
1241839819329867776,
1241841535135735808,
1241844123939803149,
1241844595731968008,
1241854796556046338,
1241855819681054720,
1241856168324034560,
1241861314412261377,
1241861384947642368,
1241861583321645059,
1241870454232678411,
1241872677171867649,
1241872734168236035,
1241873544369274882,
1241876984663162880,
1241878234612084737,
1241878359170338816,
1241883077401612290,
1241887168349589504,
1241887291565658115,
1241897818425397249,
1241899595946434565,
1241899945088737281,
1241903588277768192,
1241903867475845121,
1241909269303373824,
1241909643024011265,
1241910278847188998,
1241911970288128003,
1241911998960381952,
1241912486984548352,
1241912682099310592,
1241912936483950592,
1241915467348008961,
1241916790730559488,
1241921664574722048,
1241922342131023878,
1241934466576236547,
1241937003811426304,
1241946936959270913,
1241960270236463104,
1241962227294445569,
1241967139319406594,
1241985944065961984,
1241995321321959424,
1241996074853810176,
1242003500227321856,
1242005916288835584,
1242018882661093377,
1242031570451607553,
1242046107192037377,
1242070423405236225,
1242104736607875074,
1242108401846542341,
1242108747427778568,
1242109714105860096,
1242115005165842440,
1242120079917166593,
1242122553117851651,
1242129727642570756,
1242132890311258116,
1242133118418661382,
1242135717947543553,
1242136094952632320,
1242136816964206600,
1242142053355655170,
1242143858940612608,
1242148606230122496,
1242162545206722560,
1242167188653592577,
1242167261110194178,
1242171886827712519,
1242174314650251277,
1242175835651653645,
1242175964710342658,
1242178216845914116,
1242178749958893577,
1242179864494473222,
1242180257811177472,
1242181660294164482,
1242183079772512256,
1242184619421773824,
1242185139880419328,
1242192645423681536,
1242193402873163776,
1242196324885368835,
1242197053456998406,
1242197194112933897,
1242198581764857861,
1242200135129600001,
1242208670462640130,
1242211343983423488,
1242216026869239817,
1242218424815751177,
1242219316961054723,
1242219525824745473,
1242220657762381826,
1242223426389114891,
1242227099307520003,
1242229166168256512,
1242230672275542016,
1242238255564763137,
1242240194792873997,
1242240616114905088,
1242242180804157440,
1242243667466870784,
1242245729726365696,
1242246535464865792,
1242256049681227776,
1242262171733708800,
1242262558247010304,
1242262744004517890,
1242265606394728448,
1242267267964043266,
1242268035613892608,
1242269799071260679,
1242270588665827328,
1242271722084216833,
1242272568108658689,
1242272706264993796,
1242274838607085569,
1242276446212685825,
1242280142262673409,
1242283225340403712,
1242288928499142657,
1242290081525829633,
1242296554817544192,
1242297824265543680,
1242303766579367937,
1242335656740864002,
1242355527574851587,
1242369810895458304,
1242427285204066307,
1242447911260217346,
1242447919967420419,
1242449449516855296,
1242451621109534721,
1242453725119156224,
1242454754242019332,
1242457453834334208,
1242457576681373696,
1242467098045136896,
1242468629200777218,
1242483184505421825,
1242483898942140418,
1242485701884686336,
1242486907927437312,
1242487664093171712,
1242492149628678145,
1242496842987864064,
1242506678433542144,
1242526778633191426,
1242529336848195586,
1242529378980020225,
1242530536486080513,
1242537024252522496,
1242538794169118720,
1242539056413790209,
1242540518422151168,
1242540924548403200,
1242550243411079174,
1242550478757601280,
1242551690546630663,
1242562797755682824,
1242578610898243585,
1242579266249752576,
1242584143059271681,
1242603019683987456,
1242608349163765769,
1242614304630657024,
1242619399061856258,
1242621097121644544,
1242630530845118464,
1242631848498319360,
1242632132146708486,
1242632422837157890,
1242634564234862594,
1242635565893177344,
1242637623882997760,
1242640790414921728,
1242643969458221057,
1242644150698348544,
1242644208298741762,
1242645587415179267,
1242656868583067654,
1242658289315467265,
1242664257843531779,
1242665908721422336,
1242668468706725889,
1242672704924405763,
1242697585082728451,
1242704507555000321,
1242716514303827971,
1242720835426811904,
1242739241282613249,
1242799970492833793,
1242807142572326912,
1242810375864815618,
1242812257362296832,
1242814360411668480,
1242815938728206341,
1242817829763715072,
1242821315389726720,
1242826445862379520,
1242829501572231170,
1242832351459258370,
1242833575092686849,
1242863332895281152,
1242868230319988736,
1242871513361113091,
1242872766442938368,
1242873121620836352,
1242874531087290368,
1242877911704784898,
1242880558973272064,
1242886538158997504,
1242891684662456320,
1242892576581009409,
1242893009278193667,
1242902235715076096,
1242902830744141824,
1242906873860435970,
1242917047346049027,
1242920999785574402,
1242923744361922560,
1242924105214627840,
1242924231320576000,
1242924448807821313,
1242927466232139788,
1242935846778609667,
1242940315952087044,
1242940865733177356,
1242948039448420353,
1242955027112550402,
1242956194802778112,
1242956257490800652,
1242965402629607426,
1242971572085940224,
1242975442392539137,
1242982354408390657,
1242983088851832833,
1242983986499948544,
1242988087858192384,
1242994011054518279,
1242994400302632961,
1242994496096346112,
1242997491907194881,
1242999904051400705,
1243001469604777985,
1243005897816842245,
1243007140870139906,
1243007689174716416,
1243013570562011136,
1243018971382767616,
1243023341243502592,
1243038566411886600,
1243042292635664384,
1243043547823116288,
1243052539366563841,
1243053845456064512,
1243059295069130752,
1243065176624152578,
1243068523489792000,
1243074864904200193,
1243106810971787265,
1243109291734654976,
1243136783707254784,
1243165801915523074,
1243166742505041921,
1243168161500889088,
1243173602402295808,
1243176763485716480,
1243181750714609669,
1243183886831685633,
1243184737578938369,
1243191895712505858,
1243194819385548800,
1243197065804554242,
1243203984262860801,
1243205572343676929,
1243206209366351873,
1243207239504101377,
1243213354480648193,
1243213744253083649,
1243239146862383105,
1243240985187897344,
1243241759460687876,
1243245070725328905,
1243247246990327809,
1243263492099993600,
1243264794070675457,
1243265084903702528,
1243271046867955717,
1243276986752962560,
1243278357451673616,
1243279638274674706,
1243294167150800899,
1243300191190626304,
1243305277526589443,
1243320973618819074,
1243327784258359298,
1243328477346095104,
1243334576736534528,
1243337600628396037,
1243338705311600648,
1243344414531039233,
1243349424316862466,
1243349731671244804,
1243351992463790081,
1243352443594977280,
1243353674958733312,
1243354876073185280,
1243355789944750080,
1243360494427070466,
1243361888764702725,
1243362610801594370,
1243372453276962816,
1243379996707770368,
1243384569983668234,
1243385435604144128,
1243398036052512775,
1243400465250828288,
1243410456062001154,
1243411698574176262,
1243414484032471041,
1243443848849821696,
1243451157911085056,
1243455606821879808,
1243483369029206018,
1243508513651003392,
1243517366484512769,
1243522166072672256,
1243534161064775681,
1243536102880956416,
1243543120383545344,
1243544446203039747,
1243545454563995649,
1243547868209778691,
1243554288384839686,
1243562662786727938,
1243566071212396545,
1243571513548300293,
1243571930990612481,
1243579525083975680,
1243580084449132544,
1243583676325257217,
1243589098146856963,
1243590122454634496,
1243592125284880384,
1243607272250642433,
1243615609151160321,
1243618563115692040,
1243619806143807488,
1243623296714674176,
1243627608379539457,
1243628307087753226,
1243632761031852040,
1243635901454000130,
1243645590564753410,
1243653087237148672,
1243654164829306882,
1243657025181102087,
1243657529286066176,
1243657854118236161,
1243659891216130049,
1243659925055836160,
1243662428103159809,
1243666121699536897,
1243684326002298881,
1243684549005017088,
1243685437501321217,
1243686328363036675,
1243689182926692357,
1243690162258956293,
1243691144246169600,
1243696785073332225,
1243697838263074816,
1243701299159457803,
1243707473451790336,
1243711754405908486,
1243713878996942848,
1243715614453174272,
1243719407794257921,
1243722522685616129,
1243722795617603590,
1243724865653231618,
1243725076781920257,
1243730512125947906,
1243732527744860160,
1243733643165675521,
1243736674166886406,
1243736832992477185,
1243747003399573504,
1243755889711964160,
1243760966099238912,
1243762022023598080,
1243767765623767040,
1243779196008226816,
1243781050704318465,
1243785029114892288,
1243796675149418496,
1243811229048672256,
1243825148081442816,
1243858490034184192,
1243871830647222273,
1243896594736361473,
1243898828031315970,
1243901292533051392,
1243909602523185159,
1243916654691717120,
1243927690857656320,
1243930867170512900,
1243931449964638210,
1243947702032961537,
1243955865436258306,
1243965194256224256,
1243965461336936448,
1243970377371582464,
1243971249736384514,
1243975606582349825,
1243977120898039810,
1243981870351765506,
1243985336432234496,
1243985992878612480,
1243989794838827008,
1243992354769506304,
1243995185819901952,
1243999545975083008,
1244005689841930241,
1244005982784696322,
1244013755299532801,
1244015312653168644,
1244015956138975232,
1244027619361705984,
1244029166170890243,
1244031767377588224,
1244034265085550598,
1244035356149911557,
1244036438271954953,
1244038861300342785,
1244043422534643717,
1244044790481801216,
1244052550929846273,
1244053396556038145,
1244054725479276544,
1244055864085843968,
1244061817661460482,
1244062619624931328,
1244068925387812865,
1244069894569619457,
1244073987426209794,
1244076409108099072,
1244077586965311490,
1244079630807523328,
1244081284583952384,
1244081563765100544,
1244084424804720646,
1244084645488189440,
1244085924134375425,
1244087307323322369,
1244090152818900992,
1244092012049154048,
1244096756763115522,
1244096930327781378,
1244100824063762437,
1244107377932034049,
1244111290265677824,
1244112965764296705,
1244121167901995011,
1244138873933963264,
1244148383603986432,
1244552295964164097,0.0
1244556799006527490,-0.006250000000000006
1244568824206295042,0.0
1244580627799855110,0.0
1244588156361551873,0.0
1244609246345469952,0.0
1244614540605771776,0.0
1244614845405814789,-0.026190476190476174
1244620410286673922,0.0
1244622134690766849,0.05000000000000001
1244624299035709442,0.15000000000000002
1244630997028802561,0.2333333333333333
1244632194708103170,-0.3
1244633422779293696,0.0
1244634734623367168,-0.125
1244636973136072706,0.0
1244641438039789571,0.5
1244644359909167104,0.0
1244644409716727808,0.75
1244652130927083520,-0.05
1244656587198914561,0.25
1244657530594308096,0.8
1244660744811053058,0.0
1244672503760539648,0.0
1244673843379073024,0.4
1244675368327327744,0.0
1244675984571469827,-0.05
1244679474911703041,0.10833333333333334
1244679522588352514,0.06666666666666668
1244682299553320961,0.425
1244694446215757824,-0.1
1244696690164142082,1.0
1244697670947500032,0.0
1244708425726124034,0.0
1244708953994469377,0.4
1244710063589089281,0.0
1244710975422574592,-0.0625
1244714361303838721,0.2681818181818182
1244714405515812864,0.05000000000000001
1244718714328678401,0.26666666666666666
1244719053962448897,0.0
1244719124317691910,0.15000000000000002
1244720786923040769,0.45
1244725171354832896,-0.04999999999999999
1244727989117452288,-0.18333333333333332
1244738526236872705,-0.06071428571428573
1244740601431633921,0.0
1244740765772742656,0.06818181818181818
1244741444084158465,0.024999999999999998
1244746781725880320,0.5
1244750005811937280,0.375
1244757544431751171,0.6
1244777338803453952,0.10000000000000002
1244789963155267584,0.08333333333333333
1244794876002283520,0.125
1244802628044939266,0.3666666666666667
1244810251255181312,0.0
1244812608827359239,-0.1
1244840497723535360,-0.05
1244847095984590848,-0.12698412698412698
1244849620045488128,0.3
1244850726637092871,-0.10000000000000002
1244851950807584768,0.35
1244853890442551296,0.31562500000000004
1244855694978953216,0.36071428571428577
1244864508251660289,0.0
1244880459043127298,0.3541666666666667
1244917543938199553,-0.1
1244942725553590272,0.25
1244960751120519170,-0.14583333333333334
1244982469411012610,0.0
1244984331241541632,0.05000000000000001
1244990800200638465,0.0
1245003823409659905,0.0
1245014963216932864,0.0
1245019493207879681,0.0
1245026036498210817,0.05
1245027657705598977,0.0
1245032070742671361,0.0
1245037824052584449,0.3288888888888889
1245039614194302976,0.0
1245043558501036033,0.0
1245043735907438592,0.0
1245046973738164225,0.0
1245064975439269890,0.0
1245076377877057538,0.0
1245076762087677953,0.05000000000000001
1245079708607434752,-0.0625
1245079707332284416,0.4
1245081179117797376,0.125
1245091193245089792,0.26666666666666666
1245091532216111105,0.15000000000000002
1245095694140092416,-0.1875
1245117715607695361,0.0
1245117940414001153,0.15000000000000002
1245122314556997632,0.0
1245126990664851456,0.0
1245128521296613378,0.5
1245139717680701440,0.0
1245143604630347780,-0.8
1245146710105604096,0.0
1245147668323749890,0.0
1245148745236389893,0.6875
1245149537758367746,0.0
1245150049262358529,0.0
1245150697458466816,0.0
1245151387018764289,0.0
1245153520837373954,0.0
1245155154652889088,0.0
1245155756204347393,0.0
1245155799992803330,-0.00833333333333334
1245156058919813120,0.0
1245157159056412674,0.0
1245157252987645952,0.1277777777777778
1245158113990397952,0.0
1245161180995489792,0.1
1245161435317121024,0.0
1245173116227080192,0.0
1245174200572219393,-0.1
1245175084312154112,0.85
1245175094172733445,0.05000000000000001
1245177687322353665,0.0
1245181363545874432,0.25
1245184274590023680,0.4125
1245185921336688647,0.0
1245186026525446147,0.0
1245188816182415360,0.5
1245190870468624386,0.0
1245196041214967814,0.8
1245208929430384640,0.14682539682539686
1245211274818072576,0.0
1245211714330771458,0.22164502164502164
1245216792231858181,0.2
1245225245478436864,0.13636363636363635
1245231289197891584,-0.05
1245238661991538689,0.13636363636363635
1245245290195681282,0.0
1245257489244999681,0.2507936507936508
1245268574589136899,0.0
1245321783764496385,0.14666666666666667
1245335548715323395,0.24051339285714285
1245355093190250496,0.11428571428571432
1245359419279290368,0.8627604166666667
1245366207739502593,0.0
1245369043739009024,0.0
1245371417237037058,0.26666666666666666
1245374273566408707,0.11666666666666667
1245380867884810240,0.3125
1245381998308470786,0.0
1245382300612923394,-0.1875
1245383291869581312,0.3571428571428571
1245385094816239616,0.0
1245387412446068736,0.0
1245390649958023168,0.6
1245394777534861315,0.0
1245396953979965441,0.1875
1245397860188934146,-0.17708333333333334
1245399660732153857,0.13636363636363635
1245406906216329216,0.0
1245418738599460864,0.0
1245424273105321984,0.0
1245427874192076808,0.0
1245431688685072386,0.16477272727272727
1245433190682103809,0.2148148148148148
1245440763992969216,-0.5
1245441342299348993,0.1
1245442007163711488,0.4381944444444444
1245442985652781056,0.1071969696969697
1245450669357535232,-0.02222222222222224
1245456033830653953,1.0
1245458394842042369,0.2
1245476487261761541,0.325
1245481641553862658,0.00710227272727272
1245487544223047688,0.35714285714285715
1245487801837203456,0.3954545454545455
1245489645670055938,0.6
1245502113553285123,0.0
1245503690485702668,0.65
1245505407361024000,0.0
1245520431265742849,0.3666666666666667
1245526634368729088,0.21666666666666667
1245529747112656896,0.0
1245529758294781952,0.5416666666666666
1245530002369675264,0.0
1245530207345348609,0.5
1245531892918648838,0.15000000000000002
1245532587642294279,-0.6
1245533681990549505,0.00833333333333334
1245536715315372033,0.3571428571428571
1245560609124626435,0.4
1245563510609805312,-0.1375
1245564807379550208,0.5
1245566625983664134,0.1214285714285714
1245566659122753536,0.0
1245568273179164672,0.0
1245578623270019072,0.0
1245632691329830914,0.425
1245728605210054656,0.25
1245741907336212480,0.4333333333333333
1245744327747407876,0.0
1245748516346925056,0.0
1245753355839737856,0.0
1245757014938173448,0.0
1245758640277028866,0.75
1245760388559486981,0.0
1245760986788900880,0.0
1245762288117788675,0.0
1245762734106595329,0.0
1245763325239197710,0.0
1245764287269933058,0.0
1245765673218965504,0.0
1245767167083192323,0.15
1245767460189503488,0.0
1245767915418288128,0.0
1245772878668152832,0.0
1245797546829676544,0.5625
1245799867785580544,-0.03333333333333333
1245801748427673600,0.25
1245803226559102977,0.0
1245808786213875713,0.25
1245809963328589824,0.0
1245814161189351425,0.0
1245814966260772866,0.0
1245822047285940224,0.0
1245822478104002562,0.0
1245825344789262337,0.2
1245829923899609088,0.2
1245833268555112452,0.0
1245836063936884736,0.725
1245849021979090950,0.35
1245856516327915521,0.0
1245857406908686336,0.05
1245858273653215233,0.6
1245859283217965057,0.24000000000000005
1245861038307733509,0.08333333333333333
1245862577176887302,0.09523809523809523
1245864495802511362,0.25
1245865591056920576,0.003787878787878785
1245873368198455301,-0.21666666666666667
1245876194815459329,0.3666666666666667
1245882472623005696,0.35
1245890950045597698,0.4785714285714285
1245913541862776832,0.11666666666666665
1245914297529593857,-0.09791666666666668
1245932216770691072,0.0
1245955554008346624,0.26666666666666666
1245956972542713856,0.15000000000000002
1246062531111792645,0.925
1246065836395290624,-0.21666666666666667
1246078057506619393,0.2969047619047619
1246082703759376385,0.0
1246094321763270658,0.3125
1246094691323559936,-0.390625
1246095859340595200,0.546875
1246096065394290688,0.1925
1246097008429092864,0.0
1246097495937052675,-0.08642578125
1246098811438518272,0.546875
1246098955957669888,-0.2
1246099908265836545,0.9765625
1246101643810095104,0.4375
1246102417780944896,0.8
1246103734347685889,-0.14
1246104623489994753,0.3200000000000001
1246105133781581829,0.11454545454545455
1246107736628056070,0.0
1246109858727751681,0.4375
1246110142615171072,1.0
1246111085536538625,0.35
1246112003342528513,0.4375
1246113679516545028,-0.0034090909090909237
1246119737190264833,0.4375
1246122912899203073,0.4375
1246126118094209024,0.16499999999999998
1246130417465536512,0.0
1246130451447713792,0.5
1246131308092424195,-0.05
1246132258597031937,0.0
1246134157652168704,0.0
1246136472463380483,0.17045454545454544
1246142033611218946,0.18333333333333332
1246149344513777664,-0.135
1246153739716583424,0.06818181818181818
1246154850909519875,-0.125
1246158860399677440,0.609375
1246160442252316673,0.1625
1246175831531163652,0.6
1246178790918610944,0.0
1246187842713329665,0.0
1246194034252623877,0.0
1246198473910878208,0.0
1246199524634374148,0.0
1246205237800636417,0.0
1246208511849177090,0.3428571428571429
1246217632380051458,0.13636363636363635
1246217891571261440,0.13636363636363635
1246219269920239617,0.10416666666666667
1246219529816100864,0.0
1246226877913747456,0.0
1246230240722116615,0.1431818181818182
1246233032903643136,0.21875
1246240175430045696,0.4375
1246241441778556931,0.4375
1246243137422491658,0.0
1246249617735417857,-0.5
1246250062923141121,-0.5
1246257274970046464,-0.4
1246261841338093569,0.0
1246262674045964289,-0.056405895691609975
1246265021971042305,0.09999999999999998
1246265274044743683,0.0
1246267456399659009,0.4375
1246272952426999808,0.008333333333333331
1246276093650161664,0.4375
1246284300938555393,0.0
1246284993065660416,0.4375
1246288330930696193,0.010416666666666656
1246293597940592641,0.0
1246297969587961856,0.5416666666666667
1246299717912297472,0.440625
1246301626937139200,0.4708333333333333
1246303431574208513,0.3472222222222223
1246303519256260609,0.0
1246306208937467904,0.35
1246307021474971650,0.0
1246312699580964865,0.4733072916666666
1246321577668620289,0.05
1246328596928630784,0.45
1246343057001320453,0.2986819727891156
1246345168460165120,0.0
1246357757692952576,0.0
1246367867530022913,0.0
1246430364601638913,0.4375
1246438150500691968,0.25625
1246442745033441285,0.0
1246453383617282048,0.0
1246457962132111361,0.175
1246463057833996293,0.20535714285714285
1246463590623858689,0.1
1246469404138729472,0.0
1246474439610556417,0.3333333333333333
1246476181798408192,0.15000000000000002
1246481243845398532,0.0
1246482331675877378,0.0
1246487845700874240,0.0
1246492830090039296,0.0
1246497685999214593,0.0
1246499479471230976,-0.375
1246505623354777608,0.0
1246505805760823298,0.375
1246507464348110849,0.2333333333333333
1246510320132202497,0.1572969276094276
1246527141157711872,0.0
1246530843222384641,0.0
1246533075187765250,0.24285714285714285
1246533970520571910,0.37333333333333335
1246535484983173128,0.16666666666666666
1246540392251752449,0.15
1246541376461963272,0.0
1246554521687515138,0.0
1246555631135248384,0.0
1246560105182760964,0.21666666666666667
1246563601164484611,0.5208333333333334
1246569167647539202,0.15
1246577173852491778,0.0
1246577399149613056,-0.5
1246577830999339009,0.5166666666666667
1246584711440486400,0.3333333333333333
1246587958754455554,0.125
1246588562285395968,0.8
1246589262222569477,0.0
1246595886815293443,0.0
1246596423191322624,0.0
1246596564656762882,0.1431818181818182
1246604577715224577,0.25
1246614688089112578,0.15
1246625263967928320,0.0
1246628161233666048,0.0
1246628970881331202,0.0
1246639678918479872,0.3303030303030303
1246649914559311872,0.4444444444444444
1246659257195319296,0.0
1246661325595357184,0.925
1246674296895873024,-0.39166666666666666
1246697785006661633,-0.07000000000000002
1246705532490010626,0.5989583333333334
1246710520482336777,0.0
1246778273608146948,0.0
1246781131296571395,0.0
1246794329634594817,0.85
1246815756358242307,0.0
1246820757923074050,0.0
1246822885970325504,0.0
1246823397927129095,0.20681818181818185
1246828279438299136,0.0
1246829083914362885,0.2708333333333333
1246832224873385984,0.5
1246835062751911937,0.4041666666666666
1246849158138548228,0.0
1246850503507619841,0.0
1246857837843828740,0.09074074074074076
1246860847634399236,0.4166666666666666
1246884535167582209,0.78125
1246890777550225408,0.0
1246904031907364866,0.0
1246907634751586307,-0.8
1246908878257819650,0.43333333333333335
1246909054062133255,0.0
1246909094906286080,0.1
1246910195214794752,0.2833333333333333
1246924109365338117,0.21916666666666665
1246924999618891777,0.2708333333333333
1246930469964460033,-0.13787878787878788
1246931454736596995,0.24375
1246935979652534273,0.30000000000000004
1246937408244871168,0.2051388888888889
1246940385223589888,-0.05833333333333333
1246941100109107209,0.0
1246944775124721665,0.2
1246946849031938050,-0.05
1246951645029818368,0.0
1246951836193566720,0.7583333333333334
1246955446365229057,0.0
1246955632365899776,0.0
1246962779845787649,0.0
1246987413873926145,0.0
1246994990343114754,-0.125
1246996142719741958,0.5
1247002228382105600,0.2993607954545455
1247009725264396289,0.0
1247016961625767937,0.5
1247067724083322880,0.3875
1247149192381755398,0.0
1247178141266821122,0.0
1247179695017394176,-0.12265625
1247181958930731011,0.35000000000000003
1247188059340378118,0.43333333333333335
1247188304090542080,0.3
1247192717408505856,0.125
1247195694085128192,0.23617424242424245
1247199203882946560,-0.175
1247201387827601410,0.06818181818181818
1247205265604333569,0.0
1247212188546162688,0.4136363636363637
1247214274352689152,0.04166666666666666
1247223512336666624,0.24765625
1247234513589030912,0.04545454545454545
1247236263184338945,0.3636363636363637
1247237111947952130,0.09583333333333333
1247254431101366277,-0.2
1247255273967726594,0.0
1247257094450843648,-0.10833333333333334
1247267263184613382,-0.3
1247274303764271104,0.0
1247274880023678976,-0.05
1247313549510098944,-0.1171875
1247314534861287429,0.0
1247315921934389256,1.0
1247321458335981568,0.0
1247321465369829376,-0.525
1247322167919992832,0.19375
1247328888562290688,0.26666666666666666
1247329199167352833,0.15000000000000002
1247330146484465664,0.0
1247345249707491328,0.0
1247349992072908801,0.2
1247351263001546752,0.23303571428571426
1247353090312994817,0.5208333333333334
1247373963765964801,-0.2604166666666667
1247384112517742593,0.5
1247391930339778560,0.08124999999999999
1247408742158786561,0.05625
1247421458961313794,0.0
1247439202633101312,0.0
1247458574902546432,0.13636363636363635
1247506154273615874,0.2
1247526259808071681,0.0
1247533866958508033,0.25
1247540568562872336,0.0
1247553683342016512,-0.5
1247567267178528768,0.0
1247567876095004673,0.8
1247567876095004673,0.8
1247572246333399041,0.06666666666666668
1247573881201872899,-0.16250000000000006
1247575137735585792,-0.4
1247575199454834689,0.2
1247575555668664322,0.0
1247582084509642753,0.5
1247583729528143875,0.0
1247585572132175872,0.0
1247586156704862213,0.0
1247588193387479040,0.0
1247591031920623616,0.0
1247596117606334465,0.5
1247608924607516672,0.0
1247610560142811138,0.0
1247613133356765185,-0.00833333333333334
1247624191857143809,-0.08333333333333333
1247627597003055106,0.5
1247631735090810880,0.4222222222222222
1247631746918690816,-0.0033333333333333327
1247633826186215425,0.0
1247634373890977793,0.0
1247645387197952000,0.3666666666666667
1247647406453391370,0.4285714285714286
1247648240041963522,0.7
1247648633832513536,0.7
1247652722016497665,0.26666666666666666
1247654155851829248,0.15000000000000002
1247656371497193473,0.0
1247659812114046976,0.21785714285714286
1247662391753609216,0.2653409090909091
1247676446329405440,0.0
1247681492224020480,-0.05
1247700001343635462,0.25
1247702924525961216,-0.25
1247708421551521792,0.2
1247709249523929088,0.103125
1247711735898951681,0.0
1247719709249884160,0.35
1247724546662137857,0.0
1247728045043134473,0.0
1247732354501808133,0.0
1247736206785421315,-0.18181818181818185
1247741326927507456,0.4555555555555556
1247746029169954820,0.2
1247749412467527681,0.3333333333333333
1247763372025589766,0.13636363636363635
1247781743781801985,0.0
1247806800306393090,0.5
1247835567905259522,-0.1
1247852011065954304,-0.07272727272727272
1247878334031073284,0.7
1247884085508198400,-0.3378787878787879
1247901040122269698,0.08333333333333334
1247909795908255746,0.5
1247919047477518337,0.25
1247920380288909312,0.0
1247924019937955840,1.0
1247924610093514752,0.14166666666666666
1247927586354802688,0.5
1247939058770288642,-0.18333333333333335
1247943385253433346,0.26666666666666666
1247946680554700801,0.0
1247956625484382209,0.3
1247978092615827458,0.0
1247988765806800899,0.0
1247996012003758081,0.0
1248006909304516608,0.0
1248008396550197249,0.5
1248017500891017218,1.0
1248026411622858752,0.0
1248033310078636032,0.15000000000000002
1248034002558164992,-0.125
1248034641199718403,0.0
1248035504186109958,0.0
1248035773515010048,0.7
1248037943270203393,0.08035714285714285
1248041802017517570,0.0
1248044969123864584,0.0
1248049122835345408,0.0
1248050575780073478,0.3
1248050895121715200,0.8854166666666666
1248051410182307840,0.0
1248056123082657793,-0.7142857142857143
1248073282168840193,0.0
1248073640404496384,0.09325396825396826
1248077476317802497,0.0
1248101805579317249,0.0119047619047619
1248138502291763201,-0.4
1248256239072616449,0.0
1248265322592907264,0.0
1248277091377971201,0.0
1248279898818568192,0.0
1248291629451972608,0.6
1248301929958162440,0.15000000000000002
1248306508527357953,0.125
1248312492494934019,0.5
1248316043870830594,0.0
1248317145982828545,0.0
1248319806115155968,0.0
1248321190751436801,0.0
1248324390279876610,0.0
1248330114519056384,0.8375
1248340650472493059,0.0
1248348980221796352,0.0
1248353714609491973,0.0
1248355237196378113,0.2857142857142857
1248361002468597765,0.0
1248374078085292035,0.0
1248374112910749697,0.3648148148148148
1248376121206263816,-0.025000000000000026
1248378727764873216,0.2
1248385850385133568,0.4375
1248389728933515267,0.0
1248401242256097280,0.0
1248407954572734465,0.1
1248417078731669504,0.8
1248424841876627457,-0.5
1248437415561347073,0.17500000000000002
1248446582447427584,-0.15000000000000002
1248449637763211268,-0.08257575757575758
1248452937057067014,-0.6
1248458710189363204,-0.25
1248480055061184514,0.13636363636363635
1248513836015063040,0.575
1248573021570228226,0.2333333333333333
1248627699574288384,0.0
1248628599701241856,0.75
1248639176133787649,0.625
1248648658674950147,0.0
1248651231121285122,0.0
1248662886702071808,0.1
1248663688581652480,0.0
1248676203571134470,0.875
1248676458261856258,-0.5
1248682069527613441,0.40625
1248702646929719304,-0.07777777777777779
1248703109376835584,0.2979166666666667
1248708394866933765,0.125
1248709196499034116,0.0
1248709352002732033,0.3666666666666667
1248712674298540032,0.0
1248713302148108289,0.0
1248725036086603776,0.4569444444444444
1248727126548688896,0.12777777777777774
1248729678736572416,0.3
1248730082723745792,0.1431818181818182
1248735851120640000,0.0
1248743971758596097,0.45
1248755143107137536,0.5
1248755151701065728,0.43333333333333335
1248763595061682177,0.0
1248763883013263360,-0.1142857142857143
1248765495261749248,0.4
1248766080098668545,0.3
1248766739556577280,0.0
1248767924783009792,0.08333333333333333
1248769674390585344,0.17
1248770668101079040,0.3
1248771363009159178,0.390625
1248771452641443842,0.4
1248784024392392704,-0.3
1248789691891056640,0.2587239583333333
1248797818237509633,-0.1875
1248800281657323520,0.10000000000000002
1248801971072569345,-0.25
1248802907014811648,0.21875
1248829773968785408,0.0
1248836846991200256,0.0
1248850067433414656,-0.3333333333333333
1248860943473430528,0.0
1248866273557168130,-0.2333333333333333
1248873798218264576,0.253125
1248875170980397059,0.0
1248876151327645696,0.75
1248983993317376000,0.05
1248990084378099714,0.0
1248991795247267841,0.0
1248997915374301184,0.1565340909090909
1249006059143991296,-0.25
1249017160158109696,0.4
1249031082202271745,0.0
1249047254134030342,0.7000000000000001
1249048705849843712,-0.06666666666666668
1249052490869411847,0.0
1249072637352923137,0.0
1249075788625973249,0.0
1249084915657969664,0.43106060606060603
1249087210881724423,0.0
1249090124627030016,0.2833333333333333
1249117064704425984,0.0
1249120618848673792,0.196875
1249125432072515586,0.8
1249125977118126085,0.0
1249135523576320001,0.1708333333333333
1249139681247330305,0.0
1249155942979158017,0.0
1249157771511115778,0.4
1249165178257788930,0.375
1249174100205023233,0.07500000000000001
1249189194909519874,0.8
1249192479733284865,0.0
1249215620790583298,0.8
1249232056737021952,0.35
1249232672695685120,0.4
1249320395318181889,0.0
1249352474089136129,0.0
1249357344309481473,0.1
1249358963499503616,0.6000000000000001
1249360426497867778,0.0
1249360690030301185,0.03571428571428571
1249384329173663745,0.5
1249387443985559559,0.14444444444444446
1249399633987678213,0.5
1249405562397372423,0.8
1249407639072669696,1.0
1249417387574730755,0.0
1249417387574730755,0.0
1249417387574730755,0.0
1249417387574730755,0.0
1249426786527711232,0.8
1249426786527711232,0.8
1249426786527711232,0.8
1249426786527711232,0.8
1249431502946889728,1.0
1249431502946889728,1.0
1249431502946889728,1.0
1249431502946889728,1.0
1249438153938735105,0.0
1249438153938735105,0.0
1249438153938735105,0.0
1249438153938735105,0.0
1249438979319095297,0.0
1249438979319095297,0.0
1249438979319095297,0.0
1249438979319095297,0.0
1249451380395384837,0.4
1249451380395384837,0.4
1249451380395384837,0.4
1249451380395384837,0.4
1249465869559873537,0.0
1249465869559873537,0.0
1249465869559873537,0.0
1249465869559873537,0.0
1249485893544677376,1.0
1249485893544677376,1.0
1249485893544677376,1.0
1249485893544677376,1.0
1249486876618240002,0.75
1249486876618240002,0.75
1249486876618240002,0.75
1249486876618240002,0.75
1249487188649222145,0.0
1249487188649222145,0.0
1249487188649222145,0.0
1249487188649222145,0.0
1249488374588739585,0.0
1249488374588739585,0.0
1249488374588739585,0.0
1249488374588739585,0.0
1249488450677542912,0.75
1249488450677542912,0.75
1249488450677542912,0.75
1249488450677542912,0.75
1249494253492936705,0.08333333333333333
1249494253492936705,0.08333333333333333
1249494253492936705,0.08333333333333333
1249494253492936705,0.08333333333333333
1249499765764698115,0.8
1249499765764698115,0.8
1249499765764698115,0.8
1249499765764698115,0.8
1249515750550835200,0.8
1249515750550835200,0.8
1249515750550835200,0.8
1249515750550835200,0.8
1249515812697899008,0.78125
1249515812697899008,0.78125
1249515812697899008,0.78125
1249515812697899008,0.78125
1249516174293061633,0.8
1249516174293061633,0.8
1249516174293061633,0.8
1249516174293061633,0.8
1249518675213811712,0.2575757575757576
1249518675213811712,0.2575757575757576
1249518675213811712,0.2575757575757576
1249518675213811712,0.2575757575757576
1249520463044382725,0.0
1249520463044382725,0.0
1249520463044382725,0.0
1249520463044382725,0.0
1249521190680645632,0.0
1249521190680645632,0.0
1249521190680645632,0.0
1249521190680645632,0.0
1249528293214257152,0.0
1249528293214257152,0.0
1249528293214257152,0.0
1249528293214257152,0.0
1249543010502803457,0.0
1249543010502803457,0.0
1249543010502803457,0.0
1249543010502803457,0.0
1249559167263744000,0.14285714285714288
1249559167263744000,0.14285714285714288
1249559167263744000,0.14285714285714288
1249559167263744000,0.14285714285714288
1249571859802308608,0.0
1249571859802308608,0.0
1249571859802308608,0.0
1249571859802308608,0.0
1249670993200779264,0.43333333333333335
1249696142671122438,0.75
1249710200082378760,0.0
1249714867533209600,0.0
1249758484075294723,0.325
1249760306844368903,0.24545454545454545
1249767214888161280,0.06818181818181818
1249938618497597441,0.13636363636363635
1250025588578045953,0.0
1250057616799170560,0.2
1250077277326639104,0.3
1250118241348919297,0.0
1250132677459656704,0.0
1250162286364430338,0.0
1250176710567317505,0.125
1250178034973331461,0.0
1250191965414711303,0.44318181818181823
1250196077241749504,0.3181818181818182
1250209184416706560,-0.08257575757575758
1250213165415239685,0.3
1250224589906403328,0.35714285714285715
1250247923238973440,0.35
1250249554907336705,0.16666666666666666
1250255613667315712,-0.05
1250270387457253383,0.06666666666666668
1250270517816246272,0.0
1250274241531895817,0.2897619047619047
1250279593673515010,0.0
1250293296045252609,0.2
1250311689267904514,0.2
1250438865719975936,0.1
1250439675052843008,0.3
1250480013570424834,0.25
1250482723602550785,-0.17291666666666666
1250495700909129729,0.8
1250513306575659010,0.0
1250517544026464258,-0.2
1250522598540271624,0.0
1250532297188745217,0.0
1250534938648236044,0.5833333333333334
1250535108593016833,0.20284090909090907
1250543757864374272,0.75
1250544634406862849,0.35
1250545140831268865,-0.0625
1250575546767020037,0.3
1250576779070201857,0.26666666666666666
1250577009220124672,0.15000000000000002
1250580288473894914,0.0
1250585062879395840,0.0
1250585679467360259,0.0
1250593062704893952,0.0
1250598264354803712,0.0
1250600628591767558,0.85
1250602146506182656,0.15
1250602758916526080,0.0
1250611595773911043,0.0
1250615087150268418,0.5
1250615471449219072,0.5
1250637396405825537,0.08333333333333333
1250646705516707840,0.0
1250647034253709315,0.0
1250671950164344832,-0.08333333333333333
1250673313606705152,-0.18750000000000006
1250677815856574464,0.10416666666666666
1250721353151533056,0.0
1250755003331026950,0.1
1250756505667805184,0.0
1250760258294878208,0.25
1250784296677359616,0.0
1250799838574399489,0.027272727272727268
1250805111921815553,0.5
1250806960326356992,0.2
1250807338744905728,0.0
1250810175486861312,0.0
1250810289466904576,0.0
1250819769332269061,0.65
1250850070897049605,0.0
1250856912553476096,0.08
1250857151272189959,-0.08257575757575758
1250866634715205632,0.4772727272727273
1250877265908346880,-0.1125
1250880461389172736,-0.6999999999999998
1250886246227939328,0.0
1250886558355513354,-0.15
1250890248076304384,0.5
1250893473424818176,0.5
1250896769363390466,0.2857142857142857
1250899005669810181,0.0
1250905142796464128,0.5
1250905644883824641,-0.2
1250912477434519552,-0.4222222222222222
1250916317512765442,0.11666666666666667
1250918105439703040,0.475
1250925944099016704,0.0
1250926792296271874,0.0
1250933140811583488,0.0
1250941008180887554,0.0
1250943741654949889,0.04166666666666666
1250945913884946433,0.04545454545454545
1250948348691046403,0.11666666666666667
1250959301914406913,0.0
1250964558501548034,1.0
1250965743879041025,0.0
1250982435497574400,0.0
1250984208018874368,-0.5
1251002196109524993,-0.06666666666666665
1251005244042915843,0.0
1251005633907830784,0.5166666666666667
1251010410519629824,0.25
1251033077360590848,0.2833333333333333
1251039516636389376,0.35
1251057455640895488,0.33291903409090906
1251157912111595520,0.5
1251164437710585856,0.0
1251167365779337216,0.375
1251175839619842049,0.3488888888888889
1251193085859692544,0.0
1251196529123221504,0.0
1251202740040024064,0.13636363636363635
1251238700773789698,-0.016666666666666666
1251241897684865031,0.0
1251242055415869446,0.4
1251245830696251395,0.1
1251254608913215488,0.0
1251257705848877057,0.4
1251268561588322308,-0.18333333333333332
1251271173146423296,0.0
1251276399412834304,0.2
1251280017537085440,-0.02597402597402597
1251288406086352897,0.2130681818181818
1251291319009521665,0.0
1251293824074289153,0.625
1251294481741217793,0.0
1251298468804669441,0.0
1251300316294844418,0.0
1251307379494354946,0.25
1251321171368427522,0.4125
1251322456511561731,0.0
1251333146752278529,0.8
1251337601946189827,-0.1875
1251340059950923777,0.5
1251349379631505411,0.0
1251349895878975488,0.0
1251353224080011264,0.35
1251385721581039616,0.003787878787878785
1251389669771628544,0.0
1251389888676626444,0.16
1251401469091368960,0.025
1251405475654049793,0.0
1251411974484684801,0.2130681818181818
1251439597617209344,0.0
1251458445104025600,0.6864583333333334
1251516478618206208,0.0
1251517623155769344,0.0
1251523082671587329,0.13636363636363635
1251530292260732930,0.0
1251531950013190144,0.0
1251544306063728645,0.0
1251562249879277569,0.31666666666666665
1251573099524435969,0.0
1251573409756016645,0.12083333333333332
1251585331498897409,0.0
1251586364858159104,0.13333333333333333
1251588376953749509,0.625
1251589798948737024,0.0
1251592766674685952,0.0
1251592981800538112,0.5
1251593312705802240,0.25
1251599285684076544,0.295
1251599508355657733,0.0
1251602556301778952,-0.1
1251617403856977921,1.0
1251621099630198793,0.18522727272727274
1251630919708020739,0.0
1251632319959568386,0.0
1251632908151984136,0.06666666666666668
1251633213677568002,0.21212121212121213
1251633447174578176,0.4
1251644886119600129,-0.1125
1251647347064549377,0.0
1251649381754900480,0.14034090909090907
1251650192878850049,0.0
1251652377796653057,0.45
1251652699826814976,1.0
1251652843456602113,0.0
1251652955851444231,0.0
1251653983929802754,0.0
1251659923999674369,0.3333333333333333
1251662686460526592,0.0
1251667485205704704,0.0
1251668782910758913,0.0
1251669353134784512,0.4
1251669488988282888,0.0
1251669523037552641,0.4
1251677151188914176,0.0
1251677320479420417,0.2272727272727273
1251677327534284800,-0.125
1251677837205155840,0.1
1251679101875826691,-0.0625
1251679190308487168,-0.0625
1251679324484354048,0.1
1251679366850973696,-0.125
1251679460488855553,0.0
1251679637349990402,-0.0625
1251679989403201536,-0.125
1251680302365278208,0.1
1251682293888028673,-0.0625
1251682470308851713,0.0
1251682646695931904,-0.125
1251682843375403010,0.14750000000000002
1251683924385959936,-0.09375
1251689560439914501,-0.125
1251689736873431040,-0.0625
1251689825100599296,-0.0625
1251690062141685761,-0.3888888888888889
1251690266869862400,-0.0625
1251690443211001859,0.0
1251690449972101122,0.04545454545454545
1251690619451445249,-0.125
1251697004767576065,0.0
1251705655473442817,-0.5
1251706308367179777,0.3375
1251708887214014464,-0.4
1251711294115364864,0.21666666666666667
1251717469112356864,1.0
1251722190795481093,0.2833333333333333
1251722534158032896,0.08642857142857142
1251723956077260800,0.0
1251724373100240896,0.25
1251724446676680704,0.0
1251724622321590272,-0.15625
1251725640853852162,0.021645021645021644
1251726220846419973,-0.15625
1251726397090992130,-0.0625
1251726485175652352,-0.0625
1251726661214777346,-0.15625
1251726749668380672,0.0
1251726926353440768,-0.0625
1251727102812045312,0.0
1251727278721183746,-0.15625
1251728877052887040,-0.15625
1251729053645668352,-0.0625
1251729142019764224,-0.0625
1251729318209900547,-0.15625
1251729406239870977,0.0
1251729583084376064,-0.0625
1251729759295414273,0.0
1251729935246467083,-0.15625
1251731533943144448,-0.15625
1251731710007562241,-0.0625
1251731798062759936,-0.0625
1251731974282248193,-0.15625
1251732062358339584,0.0
1251732238301003776,-0.0625
1251732415430619137,0.0
1251732591838928898,-0.15625
1251737901060304896,-0.15625
1251739504865456128,-0.15625
1251739687049400321,-0.0625
1251739778078425091,-0.0625
1251739960316768257,-0.15625
1251740051521835008,0.0
1251740233999224832,-0.0625
1251740416451457026,0.0
1251740598563995651,-0.15625
1251744669479907331,0.0
1251754722454880256,0.0
1251755657541439488,0.2125
1251757578230673411,0.0
1251757607842447361,0.25
1251763260229107714,0.7333333333333334
1251848742870953985,-0.041666666666666664
1251863773171908609,0.15
1251889170626289673,0.0
1251890553937149961,0.2
1251892631392718855,0.5328776041666667
1251901412784713729,0.2125
1251909302224289796,0.48828125
1251910859271532544,0.03125
1251911261463498756,0.02
1251936972278566912,0.0
1251947963292606466,0.2
1251948964179587073,0.2
1251949770215575553,0.7
1251954915423014912,0.0
1251955885955592193,0.3
1251957398765539330,1.0
1251958217858527233,0.0
1251964038625595392,0.2
1251967707978838017,0.0
1251972487266439173,0.7
1251973607040966665,-0.2
1251975439939141632,0.1944444444444444
1251981873623990273,-0.05
1251983567439065088,0.0
1251999855452524547,0.5
1252000278674640896,0.8719308035714285
1252002812525006850,0.04727272727272727
1252009455161454592,0.0
1252009512925630468,0.14
1252010469445025793,0.2
1252010964272234496,-0.16666666666666666
1252010985713532928,0.0
1252028072838279170,0.5
1252030120220598279,0.0
1252034470192037889,0.0
1252034781170274316,0.7
1252036696025124865,0.14750000000000002
1252038475399991301,-0.8
1252038883937849346,0.0
1252044185340973057,0.22424242424242424
1252054184448360454,0.55
1252054351771828225,-0.78125
1252056059180716033,0.11939102564102562
1252056105129254914,0.55
1252056528401633282,0.20000000000000004
1252061316514230272,0.0
1252064940577492992,0.0
1252071489131687936,0.0
1252073354946887681,0.4
1252079046025900034,0.20555555555555552
1252082779388608530,0.4675662878787879
1252088712252526594,0.0
1252092088814100484,0.0
1252118285144866816,0.0
1252125480125452288,0.0
1252127671783272448,0.2571428571428571
1252136051373756418,0.0
1252136816112799744,0.09999999999999998
1252144289792000000,-0.2
1252145478084333568,0.4291666666666667
1252161887858540546,0.98828125
1252216205152223232,0.2
1252245388595269632,-0.059375
1252250291593981956,0.22424242424242424
1252253541953044480,0.016666666666666666
1252268705188282374,0.4000000000000001
1252270579073388544,0.306875
1252280053821509637,0.0
1252281681324773378,-0.08564814814814815
1252281958085865473,0.25
1252282230862426126,0.0
1252291463381221379,0.78125
1252297524590739456,0.22500000000000006
1252308819281170434,-0.6
1252315597557334019,-0.1
1252317107154350080,-0.325
1252324820878008323,0.625
1252335959611506688,-0.001984126984126996
1252336036929138694,0.0
1252336257637724163,0.0
1252336433584574464,-0.125
1252338208010121216,-0.0625
1252338296132435968,-0.0625
1252338473089916928,-0.125
1252338561522765824,0.0
1252338737830400001,-0.0625
1252339093322620928,-0.125
1252346039383646209,0.0
1252346298474221568,-0.0625
1252346567400407043,0.0
1252346924130136067,0.0
1252348879153971200,-0.0625
1252353722148982788,0.6000000000000001
1252356406964940802,0.1
1252357931070152704,-0.26666666666666666
1252371905991999488,0.29444444444444445
1252371926787346432,-0.56875
1252373881546878981,0.1
1252375369711144960,0.17060606060606062
1252381368119525383,-0.16875
1252382207793983495,0.0
1252382248411660288,0.2
1252384202630168577,0.0
1252384462563766273,0.0
