1296664936731426819,0.225
1296666075422130178,0.09722222222222222
1296666634556510208,0.0
1296667490874007554,0.0
1296667678531297280,0.4
1296667879467696128,0.19356060606060607
1296667889685139462,0.15625
1296668754244501504,0.0931818181818182
1296668824159191040,0.0
1296668893952573441,0.2
1296669211687825408,0.24047619047619045
1296669400733552640,0.4883333333333333
1296669548687626240,0.0
1296669728249872384,0.2
1296669885527801856,0.2
1296670006978269188,0.2
1296670657015697411,0.3125
1296671063657426944,0.6
1296671277374201856,0.2523809523809524
1296671755721900032,0.30000000000000004
1296671811304861696,0.047222222222222214
1296672738522800128,0.2523809523809524
1296672799646523392,0.0
1296673011836174337,0.0
1296673093147144192,0.0
1296673264962420736,0.03333333333333333
1296673463193808896,-0.033333333333333326
1296673495078723584,0.02
1296674058554298375,0.31666666666666665
1296674321860046848,0.6000000000000001
1296674648587935745,0.0
1296674915253444612,0.13636363636363635
1296674917899997186,0.05000000000000001
1296675296373018624,0.0
1296675855503065088,0.0
1296676201315131392,-0.029629629629629638
1296676294394966021,-0.08333333333333333
1296676373566599168,0.2
1296676610565963777,0.0
1296676619457830912,0.4625
1296676868503023617,0.125
1296677048535007232,0.5
1296677099030417408,-0.21388888888888885
1296677236569968640,-0.15
1296678445951459328,0.5
1296678607893536769,0.0
1296678921929404419,0.45
1296679494934302721,0.4
1296680042479652865,0.2333333333333333
1296680470588006400,0.6171875
1296680687622291458,0.4125
1296681463220404229,0.0
1296681491527880704,0.13636363636363635
1296681710952882176,0.0
1296682082643718144,0.6
1296682785088864257,0.2
1296682928781643781,0.125
1296683285872095233,0.5166666666666667
1296683458870247429,0.10000000000000002
1296683919195152385,0.0
1296684383936696320,0.0
1296684583568777216,0.0
1296684816075718656,0.275
1296685042190749696,1.0
1296685105017245696,0.0
1296685391412637696,0.0
1296685563102269441,0.024999999999999998
1296686670029287430,-0.2502551020408163
1296687630311215104,0.0
1296688352704344065,0.0
1296688918474129408,0.3452380952380952
1296689904433287169,0.5
1296689912088088577,-0.16666666666666666
1296690134646054912,0.2
1296690190862303237,0.5
1296690372735840258,0.195
1296690622120824832,0.0
1296690682422337537,0.3787878787878787
1296690703603568640,0.1
1296690709442048001,0.4375
1296691049671168001,0.6
1296693203903623168,0.55
1296693733769895936,0.13636363636363635
1296694148628647936,-0.2822916666666667
1296694518289498113,0.4375
1296694626380926977,0.6676136363636364
1296694763060682753,0.1
1296694845650731008,0.1
1296695140078063617,0.5176136363636363
1296695281556140033,0.1805555555555556
1296695335444795392,0.2041666666666667
1296695529255112705,0.10909090909090907
1296695922752135168,0.10000000000000002
1296695965571833856,-0.03
1296696409496915968,0.17142857142857146
1296696445135978497,-0.475
1296697500124971008,0.21
1296697665896546306,0.36666666666666653
1296697821542985728,0.0
1296697889947820033,0.16368055555555555
1296698519600865280,0.27
1296698552475885570,0.45
1296698710286573568,-0.03598484848484848
1296700120432553984,0.25
1296700397659328512,0.06333333333333334
1296700552835989510,-0.55
1296701279243206656,0.20833333333333331
1296702838991593474,-0.05
1296702840820232193,0.2
1296702960550834177,0.11666666666666665
1296702972861218816,1.0
1296703442182975488,0.0
1296704001107529730,0.13636363636363635
1296704121454710784,0.5
1296704213746147328,0.03125
1296704414842073088,0.03333333333333333
1296704471947341826,0.03333333333333333
1296704503950061568,0.03333333333333333
1296704848654565378,0.13636363636363635
1296705363417464832,0.1
1296706975825309698,0.215
1296707256243945473,0.2340909090909091
1296707485127016448,0.45
1296707548922486785,0.05666666666666665
1296708410247917571,0.0
1296708882509725697,0.19714285714285715
1296708975828905985,0.4107954545454546
1296709960869584896,0.0
1296710015751876608,0.0
1296710395797942272,0.3
1296710639231152128,0.4125
1296710784395837440,0.29000000000000004
1296712145023971330,0.4
1296712266688200704,0.2047619047619048
1296712368907522048,0.13636363636363635
1296712481310748672,0.03333333333333333
1296713048640688129,-0.04722222222222222
1296713621444202497,0.0
1296714356852490241,0.0
1296714499995639808,0.1875
1296715864658653184,-0.2
1296715888327106561,0.0
1296716107072647168,0.0
1296716129142898688,-0.022222222222222227
1296716716869693442,0.0
1296717148296024065,0.3181818181818182
1296717562823053312,0.3333333333333333
1296717955720450048,0.6
1296718476883587073,0.1798611111111111
1296718488707506176,0.2333333333333333
1296718582018121729,0.1798611111111111
1296718622149287936,-0.125
1296718696405065734,0.0
1296718701501140992,0.2272727272727273
1296719194759680000,0.0
1296719195955007490,0.06212121212121211
1296719197225926661,0.0
1296719259842879491,0.2
1296719448917721088,0.2681818181818182
1296719554962284545,0.2066666666666667
1296719586151280640,0.28409090909090906
1296719719068848128,0.0
1296720466812362754,0.2857142857142857
1296720703480197121,0.33333333333333337
1296720826855718912,0.2049242424242424
1296720850318757890,0.29000000000000004
1296720930820050944,0.0
1296721110080401408,0.26666666666666666
1296721132184313861,0.13636363636363635
1296721692115566595,0.0
1296721922298916865,-0.08333333333333333
1296722446125600768,0.0
1296725529656254465,0.0
1296727424990711808,0.0
1296727534147698689,-0.30208333333333337
1296727676863094784,0.6875
1296728335050055680,0.0
1296730218992934912,0.0
1296730459574095874,0.3666666666666667
1296730885660835840,-1.0
1296731943250395136,0.2346153846153846
1296731960027602944,-0.0625
1296732300391206914,0.36
1296732367713968128,0.24
1296732539621646336,0.2261904761904762
1296732786942828544,0.02083333333333334
1296732787924283392,-0.004166666666666666
1296732789945950209,0.13927272727272727
1296732911564029952,0.05
1296732969294606336,-0.12285714285714285
1296733716782383106,0.25
1296733867462873089,0.27
1296733881589260288,0.25
1296733894302208000,0.0
1296734095477813248,0.55
1296734418602614785,0.04166666666666665
1296735352602988544,-0.3
1296736262158614528,0.75
1296737595880288256,0.2102272727272727
1296737853393850369,0.0
1296738377069469701,-0.19444444444444445
1296738469922746368,0.016666666666666666
1296738858114125824,0.0
1296740332621635585,0.0
1296740504139333632,-0.2583333333333333
1296740788508876800,0.06666666666666668
1296740873338793984,0.6
1296741169951457280,0.2553571428571429
1296741302739054592,0.039285714285714285
1296741513905528832,0.1
1296741519181918211,0.1
1296742098075492353,0.0
1296742125455831045,0.20416666666666666
1296742261959557121,0.0
1296742468088729600,0.2685185185185185
1296743326289362945,0.0
1296743752242003969,-1.0
1296744005456334853,0.0
1296744172024729601,0.23541666666666666
1296744429575864321,0.00370370370370369
1296744690440699904,0.1
1296744816974245888,0.0
1296745608729055239,0.4166666666666667
1296746153984360449,0.7000000000000001
1296746211668561920,0.0
1296747258424123392,0.0
1296747586897039360,0.25
1296747703297347585,0.28148148148148144
1296747748335726593,0.35000000000000003
1296748094642688000,-0.008333333333333331
1296748171838685187,0.0
1296749990686203906,0.19765625
1296750211424038914,0.0
1296750528454471680,0.05
1296750794100809734,0.0
1296750946798710785,0.38095238095238104
1296751228588883969,0.515625
1296751461225967616,0.0
1296751487721373697,0.0
1296751797596545026,-0.15714285714285714
1296753394154119169,0.0
1296753867174998017,0.015625
1296753948397887490,0.45
1296754712188981249,0.375
1296755114154373121,-0.5
1296755321910595584,0.12499999999999994
1296755942164508672,0.75
1296756331425275905,-0.05
1296756569342869506,-0.2916666666666667
1296756642718064640,0.0
1296757360422203392,0.30000000000000004
1296757728308858880,0.0
1296757998942064643,0.7000000000000001
1296758015358574593,0.13636363636363635
1296758209441562625,0.2
1296759277319839751,0.35
1296759525932965889,-0.1
1296759946919501825,0.3148148148148148
1296760006348623873,0.2
1296760425493811201,0.4541666666666666
1296760529218871296,0.16666666666666666
1296760599167160320,0.2291666666666667
1296760643664707584,0.35000000000000003
1296761155969527808,0.2333333333333333
1296761344541196290,0.0
1296761459460968448,0.0
1296761691573714944,0.0
1296761864139964416,0.0
1296761928560320512,0.5
1296762197721452546,0.26875
1296762239647539200,0.26666666666666666
1296762242440994816,0.0
1296762371252334593,0.125
1296762640681893889,0.17337662337662335
1296762873956446209,0.3643804112554113
1296763293432983552,0.05476190476190477
1296763509741510657,0.0
1296763610144874496,0.0
1296763913955049473,0.26666666666666666
1296764159133196288,0.0
1296764193966886913,0.65
1296764747786813441,0.13636363636363635
1296764916645482496,0.0
1296765377884483584,0.0
1296765712023924736,0.13636363636363635
1296766258914799617,0.016666666666666666
1296766716844879872,0.0
1296767137277714434,0.016666666666666666
1296767178839130112,0.4
1296767385207275520,0.19073486328125
1296767700580970497,0.17172619047619045
1296768141222002689,0.16666666666666666
1296769135247077376,0.0
1296769647883124737,0.40390625
1296770063706488837,0.0
1296770161819684866,0.15833333333333333
1296770267859976195,0.0
1296771439928852482,0.0
1296772664950956032,0.09166666666666667
1296772845012307968,0.7083333333333334
1296773341076914180,0.0
1296773815972724736,0.2
1296774062279098368,-0.2380952380952381
1296774279552364554,0.040593434343434334
1296775088415547392,0.125
1296775185794846727,-0.3333333333333333
1296775248344383488,-0.1
1296775321312665601,-0.1
1296775878878404609,0.0
1296776012869406721,0.7
1296776396346359808,0.25
1296776472116506624,0.0
1296776998858022912,0.06818181818181818
1296777204278255617,0.0
1296777491722510337,-0.15106060606060606
1296777611851505664,0.0
1296777949841063937,0.13636363636363635
1296778247217258497,-0.30000000000000004
1296778945065619456,0.375
1296779748845039616,0.03712121212121212
1296780054916030464,0.1431818181818182
1296781383059288069,0.09861111111111112
1296781534763065344,0.0
1296781577515671559,0.0
1296781760185991170,-0.5
1296781762333478914,0.14444444444444446
1296781973805912064,0.1875
1296782023336419329,0.0044823232323232265
1296782220242440199,0.2333333333333333
1296782439704965121,0.1346153846153846
1296782874851639296,-0.13333333333333333
1296782987888144384,0.21944444444444444
1296783242700480513,0.0
1296783305900261377,0.09285714285714283
1296783376595050496,0.0
1296784260708347904,-0.025
1296784267289268225,0.0
1296784284989247488,0.13636363636363635
1296784285114830849,0.13636363636363635
1296784397115457536,0.328125
1296784999618945028,0.14285714285714285
1296785652349054977,0.0
1296785743528984577,0.04954545454545455
1296786007837335552,0.0
1296786061402742784,0.25
1296786371038912513,-0.2
1296786442849603585,0.0
1296786631643602945,0.19444444444444445
1296786827391700993,0.0
1296787140886421504,0.0
1296787226051969024,0.18831168831168832
1296787364765937665,0.0
1296787848297930752,0.0
1296787871261773824,0.0
1296787883622244357,0.0
1296787895513219072,0.0
1296787919211040768,0.34
1296788260757229568,0.0
1296788328407212032,0.13333333333333333
1296788468547420160,0.03409090909090909
1296788480874274816,0.38690476190476186
1296788541536698379,0.0
1296788864460185600,0.25
1296788922798874626,0.03333333333333335
1296789523628785665,0.0
1296789550669467648,0.03333333333333333
1296789712305258496,0.3
1296790251848048642,0.009090909090909094
1296790253244764160,0.31999999999999995
1296790385814118402,0.18214285714285716
1296790446354640898,0.13666666666666666
1296790589984460802,0.5
1296790764601536512,0.10000000000000002
1296790998350168065,0.2916666666666667
1296791080441085952,0.1074074074074074
1296791329582850051,0.0
1296791462588362758,0.15
1296791631459360769,0.26
1296791691001606144,-0.06666666666666668
1296791721196630021,0.35
1296791835537481728,0.675
1296791993142534144,0.5
1296792052487696385,0.0
1296792054614261760,-0.04166666666666666
1296792055654387714,0.04545454545454545
1296792057663561730,-0.03333333333333333
1296792547671629825,0.5714285714285714
1296792598137507842,0.1787878787878788
1296792669222576129,0.1
1296793227912269826,0.0
1296793249391218694,-0.14583333333333331
1296793900133294081,0.03333333333333333
1296794007310344192,0.0
1296794057188892675,-0.1
1296794061425086465,-0.01590909090909091
1296794425834852355,0.2278409090909091
1296794513919418369,0.016666666666666666
1296795227118739458,0.43333333333333335
1296795232063938560,0.0
1296795391632039936,0.16999999999999998
1296796012309352448,0.0
1296796228198502402,0.0
1296796386046947333,-0.0431640625
1296796403298050048,0.0
1296796432553345024,0.4454545454545455
1296796457069170690,0.0
1296796611436257281,0.3204545454545455
1296796619023822850,0.0
1296796721788289024,0.4166666666666666
1296797096117440518,0.25
1296797147187290114,0.009999999999999998
1296797534715879427,0.10909090909090907
1296797717356716032,0.0
1296797718900162560,0.08730158730158727
1296797998953967616,0.44166666666666665
1296798050313285634,0.04375
1296798155304927232,0.3125
1296798760559730688,0.14444444444444446
1296798979313872897,0.06818181818181818
1296799070158282754,0.21666666666666667
1296799358239879171,0.0
1296799393652277249,-0.04999999999999999
1296799566889717760,0.3590909090909091
1296799581771046918,-0.14583333333333331
1296799925964099586,0.16875
1296800321537220608,-0.3
1296800412800921600,0.125
1296800644515454976,0.4601362179487179
1296800705907499010,0.07041666666666667
1296800727176626177,0.5
1296800774777962496,0.375
1296800976230395904,0.0
1296800993817038849,0.0
1296801119679787010,0.4
1296801302907944961,0.0
1296801614687121410,0.0
1296801816303284224,0.0
1296802006250774528,0.0
1296802158558486530,0.0
1296802462242877441,0.22125
1296802956587589635,0.39166666666666666
1296803076477779969,0.14805194805194805
1296803367675670528,0.0
1296803590296625153,0.06666666666666668
1296803787148005382,0.0
1296804233401032704,0.0
1296804240816508928,0.16
1296804374119948288,0.2083333333333333
1296804458563874819,0.625
1296804697580371968,0.41818181818181815
1296804723006283776,0.0
1296804723627044864,0.0
1296804809811660800,0.35
1296805644473786371,0.007407407407407382
1296805738787078149,0.3083333333333333
1296806135450697728,0.228125
1296806216593739777,0.0
1296806768081645568,-0.05059523809523809
1296806811262058496,0.0
1296806965692248066,0.2130681818181818
1296807029168734208,0.0
1296807030745755653,0.06818181818181818
1296807036475396097,0.15000000000000002
1296807286086742016,0.0
1296807307158814722,-0.175
1296807369679175680,0.225
1296807523698257921,0.0
1296807524683874305,-0.2047619047619048
1296807662344998914,-0.3
1296808307416535040,0.0
1296808339876216833,0.175
1296808637449621508,0.08055555555555555
1296808829393555456,0.0
1296808849823809536,0.1695684523809524
1296809094221893633,0.1
1296809188652224512,0.0
1296809603246764032,0.3020833333333333
1296809679088230401,0.2
1296809709350027265,0.5750000000000001
1296809743579852802,-0.4
1296809944910528512,-0.14166666666666666
1296810556901347329,0.125
1296811283086540801,0.0
1296811371892441088,-0.4
1296811782921691138,0.4
1296811894246866946,0.1875
1296812030205124609,0.0
1296812171859550209,0.15143939393939393
1296812279271493635,0.09613997113997114
1296812539729178624,0.3
1296812676002324481,0.0
1296813723504349185,0.1305194805194805
1296813828907372546,0.5
1296813878668656641,0.0
1296814071828840449,0.0
1296815114906210309,0.85
1296815297932992519,0.10000000000000003
1296815679233032194,0.0
1296815740817825792,0.0
1296815808723779584,0.0
1296815936138366979,0.0
1296816079206047744,0.0
1296816081181450240,0.0
1296816205538496512,0.0
1296816324656521216,0.0
1296816336337866752,0.0
1296816451857387520,0.4790909090909091
1296816455476895744,0.0
1296816468277866496,0.1
1296816608334184449,0.0
1296816674994356224,0.25
1296816751699730433,0.0
1296817021305401344,0.0
1296817132622225408,0.0
1296817174271725568,0.0
1296817225983115266,0.4416666666666667
1296817245721702400,0.4166666666666667
1296817363959062528,0.0
1296817441318645766,0.3444444444444444
1296817468669931521,0.5
1296817608784850944,0.0
1296817790939275265,0.0
1296817871125979139,0.0
1296818007042174976,0.0
1296818119089020928,0.0
1296818241206181889,0.0
1296818388090593281,0.13636363636363635
1296818483565494275,0.0
1296818506571436032,0.5569444444444444
1296818638859784193,0.32333333333333336
1296818710934687747,0.0
1296818799203815428,0.0
1296818808213012482,0.0
1296819078691082241,0.0
1296819150782783488,0.0
1296819222287458305,-0.03333333333333333
1296819406086057985,0.5
1296819458229637126,0.10374999999999998
1296819712924495874,0.0
1296819991115833345,-1.0
1296819999122821127,0.0
1296820118710898690,-0.12962962962962962
1296820211698589699,0.13636363636363635
1296820241859612677,0.3301136363636364
1296820375037386753,0.17413194444444444
1296820382058590208,0.5
1296820493455183873,0.03333333333333333
1296820559012081664,-0.125
1296820645314134017,0.0
1296821043802320901,-0.225
1296821365727617025,0.0
1296821403061297153,0.1953125
1296821410451664896,0.17045454545454544
1296821642203717633,0.0
1296821843970740226,0.0
1296821845514227713,0.3866071428571428
1296821870138814467,0.09363636363636364
1296821870235226113,0.2333333333333333
1296821871896170496,0.2
1296821873343229952,0.13636363636363635
1296821873649410050,0.0
1296822043716059136,0.6
1296822100376854533,0.2
1296822304320741376,0.5
1296822569904025600,-0.15
1296822968702599172,0.7
1296823010087723008,-0.008333333333333331
1296823381933817858,0.0
1296823411684118532,0.21666666666666667
1296823824491708418,0.2
1296823965063806977,0.17708333333333331
1296824000023330821,0.35714285714285715
1296824107653365760,0.78125
1296824142394777605,0.2481481481481481
1296824164125421569,0.17045454545454544
1296824263081697280,-0.2212121212121212
1296824365846343680,0.3212121212121212
1296824549347151873,0.13636363636363635
1296824549602975746,0.251010101010101
1296824754775695360,0.296875
1296824821305745408,0.3
1296825005658046465,0.16833333333333333
1296825202635137025,-0.04166666666666666
1296825220041449472,0.85
1296825546207371272,0.25
1296825676847349766,-0.04166666666666666
1296825916325232640,0.5316666666666666
1296825962894700560,0.0
1296826025704165379,0.0
1296826653822218241,0.0
1296826909289066498,0.1
1296826913214861314,0.0
1296826920466886662,0.4852272727272727
1296827384826605569,0.17638888888888887
1296827633762615301,-0.02121212121212122
1296827655757627394,0.05000000000000001
1296827849786241025,-0.04583333333333334
1296827874843021312,0.17045454545454544
1296828150744322049,0.0
1296828244029841408,0.2333333333333333
1296828272412692486,0.03333333333333333
1296828304050327552,0.2333333333333333
1296828444941189120,0.21111111111111114
1296828583340474374,0.40364583333333337
1296828682984656896,0.13636363636363635
1296828780762132480,0.1123809523809524
1296828881144610816,0.08499999999999999
1296828936089939969,0.5333333333333333
1296828960517562369,0.13636363636363635
1296829061231267846,0.16666666666666666
1296829272494137344,0.25
1296829505911259141,0.3333333333333333
1296829711549693954,0.0625
1296829901207744515,0.016666666666666666
1296829981373485056,0.0
1296830126097932288,0.38
1296830577476214784,0.2041666666666667
1296830658694832130,0.0
1296830659093237760,0.375
1296830705515794433,0.0
1296830728659849216,0.0
1296830764936392704,-0.015584415584415591
1296830897077891072,0.15000000000000002
1296830959459893251,0.0
1296831104146722821,0.0
1296831701008691200,0.7
1296831788816510983,0.17045454545454544
1296831892705046529,0.0
1296831963760857090,0.3
1296832211010957313,0.2
1296832314840764416,-0.06818181818181818
1296832353726275584,-2.7755575615628914e-17
1296832497947488256,0.24675324675324675
1296832527005622275,-0.0125
1296832696883191808,0.0
1296832754055872512,0.6145833333333334
1296832757251944449,0.3301136363636364
1296832842559823872,-0.55
1296832940349911041,-0.06666666666666668
1296832947501379587,0.01428571428571429
1296833114011049985,0.04318181818181818
1296833168658620417,0.0
1296833268436803589,0.2772727272727272
1296833404462407680,0.0
1296833645345415168,0.18333333333333326
1296833765516271616,0.0
1296833947972730881,0.27222222222222225
1296834094626676737,-0.04166666666666666
1296834192752418819,-0.125
1296834227246444551,0.0
1296834537113223174,0.5
1296834606159691776,0.1595238095238095
1296834862637363203,-0.0625
1296835212446519297,0.35000000000000003
1296835224731635714,0.20833333333333331
1296835826035445764,0.3333333333333333
1296835840497332225,0.0
1296836143384756224,-0.3333333333333333
1296836847302131721,0.0
1296836856286457860,0.0
1296836988998422528,0.0984848484848485
1296837378192146434,-2.7755575615628914e-17
1296837425277304832,0.7
1296837635122626561,0.0
1296837642601078784,0.75
1296837835560046595,0.0
1296838324246712323,0.16818181818181818
1296838387861684224,0.03333333333333333
1296838754825625601,0.4666666666666666
1296839145571090433,-0.06547619047619048
1296839736674353153,0.2
1296839938546311169,-0.009583333333333336
1296840002211581952,0.1
1296840044515229697,0.1025
1296840256000466944,0.23666666666666664
1296840400792059904,-0.06547619047619048
1296840403484844032,0.39333333333333337
1296840927076667392,0.08333333333333333
1296840938011209730,0.0
1296840981895983104,0.5
1296841070622453760,0.22000000000000006
1296841204626333697,0.13636363636363635
1296841430988726272,0.0909090909090909
1296841619510046721,0.0
1296842084071157761,0.0
1296842139364732931,0.4
1296842160747220992,-0.4
1296842471750742016,0.2
1296842572011384833,0.15000000000000002
1296842728085561345,0.475
1296842860097089536,-0.1
1296842864325021697,0.4
1296843275001888769,0.975
1296843398775746562,0.1431818181818182
1296843759573925889,-0.00833333333333334
1296843887944794114,0.4000000000000001
1296844388488941570,0.19318181818181815
1296844622509957125,0.027976190476190474
1296845123200966657,0.0
1296845155618689024,-0.03333333333333334
1296845205359013890,0.03409090909090909
1296845292923424768,0.033333333333333326
1296845366126682114,0.32760416666666664
1296845601565560833,0.1
1296846080768978946,-0.25
1296846087983177730,0.0
1296846129359921154,0.04791666666666669
1296846147047260162,0.0
1296846565764669441,0.18166666666666667
1296846830119063554,0.0
1296846853288361986,0.475
1296847018619310080,0.21212121212121213
1296847079860588544,0.4833333333333333
1296847123175145472,0.11406250000000002
1296847209451798528,1.0
1296847345443889157,0.33333333333333337
1296847453014986752,0.0
1296847737011318784,0.26666666666666666
1296847824882208773,0.0
1296848021720690690,0.0
1296848157528162305,0.75
1296848805187346432,-0.0625
1296849274513190913,0.5787878787878787
1296849595998167040,0.5125
1296850361685286913,0.13636363636363635
1296850382598164480,0.0
1296850875537924096,-0.2
1296851571754508288,0.225
1296851585792913408,-0.2
1296851756492771329,-0.05
1296851979549855745,0.4
1296852107207745538,-0.10833333333333334
1296852412314062848,0.2
1296852496573517824,0.20443722943722945
1296852585513660416,0.05000000000000002
1296852722424123392,0.8125
1296852752862187521,0.23472222222222225
1296853534579855361,-0.02358441558441555
1296853606264721408,0.3035714285714285
1296853888344248321,0.0
1296854126870102016,-0.35
1296854563937427456,0.5109375
1296854903818723330,0.4766666666666667
1296854958764064772,0.175
1296855158249447424,0.24000000000000005
1296855183922802689,-0.21428571428571427
1296855214604070913,-0.375
1296855255359975425,0.31875
1296855377645101057,1.0
1296855572764069893,0.0
1296855674882793475,0.05
1296855714116272136,0.12063492063492065
1296855890126086144,0.24
1296855916474544133,0.08333333333333333
1296856085656145920,-0.0625
1296856231995478024,0.0895833333333333
1296856337511579654,0.16979166666666667
1296856616839544835,0.0
1296856640629747713,-0.03854166666666667
1296856686196666373,0.0
1296856782577397765,-0.08095238095238093
1296856821395849218,0.1588095238095238
1296857156524875779,0.12653061224489795
1296857341250478082,-0.033333333333333326
1296857726707015680,0.03333333333333333
1296857819275296768,0.14523809523809522
1296857903345745920,0.5
1296857953782423555,0.22508417508417505
1296858100348198912,0.0
1296858414950342657,0.16666666666666666
1296858706001514497,0.65
1296859253580410885,0.24242424242424246
1296859253936922624,0.225
1296859547231952896,0.2
1296859661535240192,0.3
1296859696096321536,-0.05625
1296860365477773313,0.3636228354978355
1296860708152455168,-0.5
1296861932599812096,0.8333333333333334
1296861951453270018,0.3214285714285714
1296862009582129153,-0.11666666666666665
1296862063680278528,0.0
1296862085167689729,0.0
1296862200854908934,0.4833333333333333
1296862347508830209,0.2375
1296862955464732673,0.0
1296863093855629314,0.24444444444444444
1296863312127373312,-0.1
1296863501806436353,0.3953125
1296863708719742976,0.0
1296863844531425281,0.0
1296863896410533888,0.28125
1296864055626469382,0.0
1296864125172080640,0.125
1296864151516504064,0.1
1296864219183316998,0.15
1296864282664144898,0.0
1296864303220502528,0.0
1296865112545021952,0.0
1296865229259841541,0.0
1296865540624060417,0.3090909090909091
1296865564942622720,-0.075
1296865652465184768,0.625
1296865771948318720,0.0
1296865949870505984,0.19666666666666668
1296866143328772098,0.016666666666666666
1296866274480394241,0.0
1296866413978636288,0.03409090909090909
1296866418114215936,0.1
1296866612432125953,-0.2416666666666667
1296866643373707268,0.1875
1296866668774268928,0.5
1296866910764707840,0.1075
1296867098879307776,0.0
1296867285945053187,-0.03333333333333333
1296867343637909505,0.21212121212121213
1296867708089376768,0.0
1296867918756618240,0.0
1296868308495417344,0.02958152958152958
1296868328611381259,0.4766666666666667
1296868531246632966,-0.1027777777777778
1296868539631112192,0.0
1296868592374308864,0.2916666666666667
1296868990745288705,-0.30000000000000004
1296869284828917760,0.4375
1296869682876542977,0.625
1296869724748304384,0.13636363636363635
1296869818033987586,0.17129629629629628
1296869987131555842,0.0
1296870043305881601,0.005681818181818178
1296870310059233280,0.26742424242424245
1296870455584763904,0.125
1296870918015168512,0.75
1296871007098212353,0.016666666666666663
1296871321880662017,0.6
1296871420602003471,0.18
1296871673594032130,0.4424242424242424
1296871901491601426,0.0
1296872120803360774,0.2
1296872560341196801,-0.07142857142857142
1296872674539515904,0.0
1296872753325379586,0.0
1296874058886373376,-0.0666666666666667
1296874504476602373,-0.07142857142857142
1296874597539893251,-0.25
1296874679328800768,0.0
1296874743421792256,0.125
1296875118283632642,0.027083333333333348
1296875253533159424,0.10952380952380954
1296875299129290752,0.13636363636363635
1296875353307328512,-0.16666666666666666
1296875380062773248,0.05
1296875418813779968,0.15000000000000002
1296875617988890625,0.1125
1296875706157355010,0.0
1296875762352496640,-0.07500000000000001
1296876278402838528,-0.16666666666666666
1296876321491091458,0.0
1296876334266843138,0.375
1296876866117214209,0.2333333333333333
1296876893082390528,0.16666666666666666
1296877134506610688,0.125
1296877247127642112,0.0
1296878214988660736,0.72
1296878419389681665,0.05
1296878492508753920,0.0
1296878506459136000,0.4916666666666667
1296878546263171073,0.08522727272727272
1296878678232698887,0.28958333333333336
1296878735485014019,-0.025
1296878922722873344,-0.1555555555555556
1296879536299298819,0.0
1296879715878416386,0.1
1296879815253991425,0.50625
1296879842173083648,0.0
1296879852252012544,0.17777777777777778
1296880136416108544,0.0
1296880152899661825,0.8
1296880485386391553,0.09285714285714283
1296880740634787840,0.3409090909090909
1296880741914234883,0.16
1296880886449762309,0.0
1296880979664146432,-0.05
1296881031375659008,0.5
1296881134194720769,0.033333333333333326
1296881161009008641,0.16619047619047614
1296881163525656576,-0.6
1296881166650421249,0.125
1296881216868818949,0.2857142857142857
1296881217028194305,0.6777777777777777
1296881545203134464,0.18727272727272729
1296881601952067585,0.17857142857142858
1296881927853678592,0.0
1296881966269292545,0.3
1296882062155231232,0.375
1296882093482487813,0.0
1296882428792000512,0.033333333333333326
1296882720006705152,0.07992424242424243
1296882740491620353,0.21875
1296883171955441664,-0.14375
1296883320186339328,-0.65
1296883336044978176,0.1625
1296884882660970496,0.11875
1296885262107074560,0.0
1296885387210760197,0.0
1296885423852212227,0.04
1296885633886171136,0.007272727272727275
1296885983883845632,0.4714285714285714
1296886017232961536,0.0
1296886170270552064,0.5
1296886171583369220,0.14285714285714285
1296886220379676673,0.02023809523809524
1296886403826057216,0.3805555555555555
1296886409790468096,-0.575
1296886454325567489,0.4666666666666667
1296886814070968320,0.0
1296886857175687169,0.13541666666666669
1296887250794545152,0.375
1296887298894823426,0.0
1296887320256188417,0.125
1296887342121320449,0.17499999999999996
1296887678726701061,0.225
1296887777821368322,0.26666666666666666
1296887795370393601,0.0
1296887821266030598,0.5
1296887830204030978,0.0
1296888654871199744,0.2
1296888734068158464,0.0
1296888900338819075,0.0
1296889169315233793,0.0909090909090909
1296889172859531268,0.0880952380952381
1296889262265241600,0.25
1296889332226301953,0.125
1296890023133028357,0.2333333333333333
1296890031207002112,0.0
1296890115973951489,0.09837662337662337
1296890210945503233,0.8
1296890457767673859,-0.20530753968253967
1296890666031517696,0.0
1296890949063397376,0.33776041666666673
1296891841082728450,0.11666666666666667
1296891867536265216,0.16666666666666666
1296891990165127170,0.08214285714285714
1296892084729729024,0.25
1296892102991843331,0.2708333333333333
1296892328364449793,0.10277777777777776
1296892441375543297,0.7
1296892589417869318,-0.13333333333333336
1296892835275386881,0.09
1296892899511144451,0.13636363636363635
1296892956364943361,-0.3
1296893005786419200,0.09267676767676768
1296893059477704704,0.0
1296893139215507456,0.0
1296893218861330432,0.30000000000000004
1296893533081632769,0.20416666666666666
1296893586143711234,0.2746212121212121
1296893602447015936,0.375
1296893849755942914,0.0
1296893884887371776,0.0
1296894143449518081,0.05
1296894372458442755,0.25
1296894584333770752,0.03333333333333333
1296894931714183168,0.0
1296894986563260416,-0.2091346153846154
1296895249181270017,0.5963541666666666
1296895277446631425,-0.09027777777777778
1296895309474340864,0.425
1296895514940669952,0.3333333333333333
1296895624659443712,1.0
1296895884870000640,0.0
1296895986376163329,0.06818181818181818
1296895987596722176,0.0
1296896268753657856,0.3181818181818182
1296896273572933635,-0.030000000000000006
1296896460202610690,0.7000000000000001
1296896562782707714,0.4340909090909091
1296896777128468483,0.13636363636363635
1296897033673072640,0.253125
1296897221015638017,-0.2
1296897439698477056,0.55
1296897455888330752,0.16666666666666666
1296897515162304514,0.225
1296897572355944449,0.09
1296897602848342016,0.425
1296897628467331076,-0.030000000000000006
1296897788446486529,0.0
1296897914808213506,0.04999999999999999
1296898046006046720,0.0
1296898072597987328,0.41818181818181815
1296898121637728256,0.0
1296898575012638723,0.32857142857142857
1296898661461504003,0.2
1296899109136355328,0.05681818181818181
1296899405354881031,0.0909090909090909
1296899586091552772,0.5333333333333333
1296899644014788608,-0.024999999999999998
1296899883513913349,0.0
1296900094315442176,0.65
1296900164280553472,0.1111111111111111
1296900299312041989,-0.05833333333333333
1296900332841250822,0.014285714285714287
1296900687343816706,0.4583333333333334
1296900914310193152,0.3352272727272727
1296901167587512320,0.13636363636363635
1296901338220068867,0.0
1296901439353225217,0.13636363636363635
1296901541677457411,0.0
1296901571066953729,0.125
1296901848415297537,0.4287878787878787
1296902523140427776,0.2272727272727273
1296902604136448001,0.22424242424242424
1296902693122973696,0.5
1296902740820422657,0.22424242424242424
1296902912023711744,0.2272727272727273
1296903004461965313,0.22424242424242424
1296903193650237440,0.22424242424242424
1296903535787900932,0.13
1296903545896263680,0.25
1296903666138578950,0.0
1296903700317966339,0.28409090909090906
1296904220386291714,0.0
1296904275826601984,0.13333333333333333
1296904714894946304,0.3333333333333333
1296904935431438336,0.11458333333333333
1296905291292798976,-0.05
1296905297160699904,0.0
1296905425128890368,0.15
1296905554338742273,0.2340909090909091
1296905586240557056,0.0
1296905779350392834,0.044333964646464635
1296905899882160128,0.0625
1296905919704383489,0.22142857142857145
1296906290585886720,0.16666666666666666
1296906382394953728,-0.15
1296906408676536322,0.15625
1296906438963613697,-0.07777777777777779
1296906440997851136,0.0
1296906452485828608,0.3181818181818182
1296906481103708160,0.08148148148148147
1296906890757062657,0.3125
1296907046051352576,0.3
1296907554963038210,0.0
1296907738774007808,0.11401515151515153
1296907954747129856,0.3375
1296908050071265280,0.25
1296908109026189312,0.06818181818181818
1296908250693210114,0.13636363636363635
1296908299254865920,0.00833333333333334
1296908499243474950,0.0
1296908571339259905,0.2723809523809524
1296908658022875136,0.06510416666666666
1296908744148660224,0.03409090909090909
1296908990694203393,0.1708333333333333
1296909086676721671,0.1892361111111111
1296910571607134210,0.5
1296910659461029889,0.9
1296910805506625537,0.375
1296910914990596097,0.14999999999999994
1296910956996390913,0.14545454545454545
1296910960494383105,0.024999999999999998
1296910961505234944,0.14285714285714285
1296911551396556800,0.0
1296911626185121793,0.12
1296911635995676672,-0.1
1296911679612231682,0.25
1296911778874560518,0.15625
1296911825649508354,0.016666666666666666
1296911882771730435,0.2
1296911964787159041,0.2465909090909091
1296912060232732673,0.8500000000000001
1296912114137866252,0.0
1296912247730536448,0.25
1296912860707258370,0.2555555555555556
1296912939283292165,0.0
1296912990047031299,0.0
1296913579292135425,0.0
1296913708845879296,-0.07499999999999997
1296914173536768001,0.75
1296914265388077056,0.4968253968253968
1296914311055421440,0.75
1296914723263467522,0.4234375
1296914823981215745,0.7500000000000001
1296915368368394243,0.04671717171717171
1296915642268954626,0.00833333333333334
1296915679191248896,0.5
1296916021316587522,0.425
1296916058763407363,-0.4
1296916409163841536,0.0
1296916502965174272,0.0
1296916703989899269,0.3333333333333333
1296916727348043778,0.0
1296916777771900928,0.13333333333333333
1296917015735799813,-0.4
1296917225107075072,0.25
1296917806164971520,-0.04166666666666667
1296918114605703183,0.10000000000000002
1296918144234205186,0.2506060606060606
1296918280494632960,1.0
1296918741679329281,1.0
1296918746746036229,0.0
1296918844552785920,0.0
1296919067895504897,0.0
1296919688673402880,-0.75
1296919922241568772,0.7000000000000001
1296920062188818437,0.8
1296920197706780673,0.625
1296920289314516997,0.0
1296920530000310272,-0.1
1296920864517226497,0.05909090909090909
1296920875476942853,0.1431818181818182
1296921120793399297,0.4777777777777778
1296921164061839369,0.0
1296921173612167174,0.28125
1296921520237760512,0.0
1296921881182969859,0.4111111111111112
1296921962124541956,0.0
1296922093825785858,0.03888888888888888
1296922247756742658,0.0
1296922302995525633,0.7
1296922373933989888,0.2
1296923181916143616,0.6000000000000001
1296923342293868544,0.2
1296923494517792768,0.2333333333333333
1296923752031088640,0.20909090909090916
1296923862953791489,0.0
1296923958437183496,0.0
1296924091732156425,0.13636363636363635
1296924332464119808,0.0
1296924480984539136,0.0
1296924958933868545,0.0
1296924984363819008,0.2125
1296925415710298116,0.15625
1296925450250399744,0.0
1296925553719537665,-0.025
1296925554810077184,0.0
1296926515624640517,0.2340909090909091
1296926896844922881,0.2916666666666667
1296926920693743616,0.125
1296926961491677186,0.0
1296927226202591233,0.35
1296928035434909697,0.3909090909090909
1296928096583655425,0.0
1296928167689674752,0.0
1296928186396180485,0.0
1296928366357090305,-0.20833333333333331
1296928366696845314,0.3125
1296928367376293889,0.10476190476190476
1296928516848508928,0.3150000000000001
1296928598012633088,0.13636363636363635
1296928831819911170,0.5
1296928905610158080,0.25
1296928999336226820,-0.1
1296929190785228801,0.6916666666666668
1296929444339175425,0.0
1296929589789327360,0.4314935064935065
1296929748074090497,0.0
1296930410614661121,0.13636363636363635
1296930437646946315,0.4388888888888889
1296930511621885955,0.0
1296930515833040896,-0.1
1296930697915973634,0.0
1296930740186361856,0.3
1296930935833796610,0.0
1296931252344324097,-0.016666666666666666
1296931253950853124,0.07393939393939394
1296931314625646594,0.2213636363636364
1296931370573463554,0.18888888888888888
1296931812745379849,0.3068181818181818
1296931814767046662,0.5
1296932417501122561,0.1
1296932517870804993,0.0
1296932716156530688,0.0
1296932852005658624,0.0
1296932874617335810,0.2454545454545455
1296933024341393415,0.25625
1296933152888422400,0.03333333333333333
1296933207590547456,0.13636363636363635
1296933436536557568,0.20166666666666666
1296933893552119809,0.0
1296934447288332289,0.5111111111111112
1296934667535257600,0.0
1296935013200678912,0.03333333333333333
1296935163943944198,0.0
1296935428793262082,0.26666666666666666
1296935553707970560,0.08712121212121211
1296935924153163776,-0.25
1296936101463171072,0.0
1296936795565957124,0.0625
1296936921415987202,0.35000000000000003
1296936960653582336,0.0
1296937161967755266,0.4266666666666668
1296937202430234625,0.5
1296937408269824000,0.26666666666666666
1296937636746031105,0.0
1296937649840599041,0.25
1296937812185567232,0.18875
1296937934596300800,0.0
1296938005488373760,-0.09375
1296938050753302533,0.26666666666666666
1296938317964091392,0.0
1296938815290916865,0.13636363636363635
1296938915891490817,0.21103896103896105
1296938982681522177,0.0
1296939003262849026,-0.16666666666666666
1296939602251599872,0.375
1296939916786532356,0.0
1296940033145012225,-0.5
1296940223889379329,-0.10714285714285714
1296940622092423168,0.09545454545454546
1296940659115352065,0.13272727272727272
1296940732037713927,0.0
1296940755597119488,0.4375
1296940770260287488,0.475
1296940881774354432,0.4
1296941084161998849,0.35
1296941185471254529,0.46875
1296941356842127360,0.0
1296941405550649344,0.35393939393939394
1296941414631329793,-0.5625
1296941425830047745,-0.10555555555555557
1296941571489722368,0.3666666666666667
1296941948037718017,0.3181818181818182
1296942159095050240,0.5
1296942447826735105,-0.34733072916666674
1296942455082762240,0.125
1296942573374889984,0.39166666666666666
1296942649753186305,0.0
1296942749887787008,0.25
1296942913532727297,0.0
1296943054541266948,0.05625
1296943171373543427,0.0
1296943435899981825,0.2840909090909091
1296943454904365062,0.4635416666666667
1296943511715983360,0.3
1296943577457725440,0.0
1296943653663907840,0.0
1296943667031224322,0.1
1296943816566378496,0.0
1296943829799636992,0.25
1296943870215774209,0.2
1296944203872731136,0.25
1296944268804644864,0.5
1296944271501807616,-0.1
1296944341009616897,0.0
1296944491283263489,0.031349206349206335
1296944874177077251,0.35
1296945270811316224,-0.06111111111111112
1296945586386673665,0.255
1296946036460539905,-0.125
1296946103993208832,0.26666666666666666
1296946188931956743,0.253125
1296946207215030272,0.0
1296946411662082055,0.15833333333333333
1296946541408792576,0.03333333333333333
1296947296593223685,0.3181818181818182
1296947509936316416,-0.2
1296948215229685765,0.0
1296948344351272961,0.2
1296948367273209857,0.10416666666666667
1296948391155466240,0.5
1296948445907955713,0.0
1296948551734329344,0.0
1296948869293641734,0.3565656565656565
1296949528403353601,0.3125
1296949715485908993,0.2272727272727273
1296949868888547328,0.0
1296949968003948544,0.06666666666666668
1296950328814903302,0.5
1296950436218327041,0.0
1296950441083719680,0.26666666666666666
1296950817250050050,0.35000000000000003
1296951284310867971,0.4666666666666666
1296951383850180608,0.3125
1296951412572725248,0.16666666666666666
1296951471611813888,0.16666666666666666
1296951569217400833,0.3020833333333333
1296952188640661504,0.325
1296952312133550081,0.04583333333333334
1296952567985995776,0.0
1296952568464146433,0.0
1296952683274919938,-0.15
1296952969355829254,-0.6
1296953016021442560,0.2871428571428572
1296953266287325185,0.3875
1296953802155872256,0.17777777777777778
1296954263588012033,-0.012222222222222223
1296954292256083968,0.0
1296955295030288385,0.0
1296955377670479872,-0.3625
1296955378333171713,-0.16666666666666666
1296955379453026304,-0.2127272727272727
1296955380497387520,0.25
1296955589705293824,0.2
1296955646961737731,-0.4
1296955649968857089,0.275
1296955962356531203,0.5125
1296956123321380864,0.5714285714285714
1296956183841050625,0.06818181818181818
1296956323683160064,0.012499999999999995
1296957180910940166,-0.5
1296957292202598411,0.28409090909090906
1296958450757447681,0.0
1296958774440349701,0.06666666666666668
1296958988223787009,-0.1875
1296959286149558275,0.033333333333333326
1296959302809206784,-0.328125
1296959509282328578,0.7777777777777777
1296959625934364672,0.18
1296959633911877639,0.2
1296959816276090881,0.18333333333333332
1296960032148520960,0.04166666666666666
1296960414119424001,0.0
1296961150698094592,0.0
1296961221401489408,0.2
1296962514685698049,0.1625
1296962515239350273,0.0
1296962654901121024,0.5
1296962682579451905,0.125
1296963287339466752,0.25
1296963818464190464,0.16666666666666666
1296963868015628288,0.5
1296964070306992129,0.625
1296964176598970368,0.12083333333333332
1296964278218620929,-0.2
1296964359671787520,-0.375
1296965077283864580,0.0
1296965368590692352,0.13636363636363635
1296965855524212738,0.2833333333333333
1296966071652462592,-0.125
1296966078694735872,0.13636363636363635
1296966334329364480,0.2681818181818182
1296966463606214657,0.0
1296966564365787136,0.26666666666666666
1296966640387661825,0.31856060606060604
1296967015144525824,0.0
1296967126285156353,0.6
1296967460793585664,0.03333333333333333
1296967537591226368,0.35
1296967692008796169,0.0
1296967929896960000,0.0
1296967999497342977,0.0
1296968028316409856,0.4430555555555555
1296968042166001664,0.0
1296968440184479744,-0.325
1296968551958552588,0.8
1296968586490253314,0.0
1296969143984545792,0.0
1296969190016942081,0.024242424242424232
1296969262171590659,-0.4
1296969500198424576,0.0
1296969725713547264,-0.018750000000000003
1296969730805252101,0.34375
1296969882735648768,0.25
1296969899957538816,-0.018750000000000003
1296970222906126337,0.04545454545454545
1296970224218959878,-0.13333333333333336
1296970230627856385,0.0625
1296970347216924672,0.0
1296970349238575104,0.1
1296970398417006594,0.3
1296970646455386112,0.14814814814814814
1296970912902909953,0.0
1296971134437437440,0.13541666666666666
1296971141110591488,0.0
1296971307503034373,0.0
1296971400947945473,0.0
1296971671019106305,0.43776041666666665
1296972024707985414,0.7500000000000001
1296972274000703488,0.0
1296972327910019077,0.3833333333333333
1296972381991378949,0.13636363636363635
1296973186433572864,1.0
1296974017602162688,0.125
1296974173307207680,0.45
1296974491000508417,-0.26666666666666666
1296974717577039872,0.3
1296975196008722435,0.0
1296975599261700097,0.15
1296975626092584963,0.0
1296976169221402625,0.515625
1296976457126817792,0.275
1296976576593133568,0.85
1296976819560648706,0.625
1296976835432112128,0.13636363636363635
1296977119575236608,0.28017578125
1296977206934147076,0.5
1296977498597666817,0.0
1296977547515891712,0.0
1296977616784826368,0.2857142857142857
1296977651060465665,0.2
1296977867029569540,0.2777777777777778
1296978058935709698,0.0
1296978279459504128,0.13541666666666666
1296978914238058496,0.011111111111111113
1296979065820205056,0.625
1296979170795364353,0.0
1296979253951684610,-0.08263888888888889
1296979282066116608,0.10952380952380954
1296979501327548417,-0.1375
1296979772900347917,-0.025
1296979793330581504,0.2
1296979898863583232,0.5
1296980469955862528,0.0
1296980811372060673,0.0
1296980884650852355,-0.059285714285714275
1296981135428169728,0.5
1296981232211726337,0.13727272727272727
1296981685419020290,0.0
1296981820895092741,0.07142857142857142
1296981896635854853,0.5
1296982441748439040,0.0
1296982557360357376,0.05833333333333335
1296982742685679616,0.25
1296982814542503936,0.10909090909090907
1296983323013677057,-0.25
1296983520976474119,0.2
1296983673196208130,0.17045454545454544
1296983727554400257,0.2
1296983963400048640,0.4166666666666666
1296984690872770561,0.4
1296984954220339202,-0.020075757575757577
1296985171380408321,0.4
1296985253064708096,0.9
1296985303903805440,0.20000000000000004
1296985550545719297,0.0
1296987259304960000,0.12727272727272726
1296987493045358592,0.0
1296987717792800768,0.0
1296987720204656643,0.25
1296988013512327169,0.13636363636363635
1296988189643747333,0.5
1296988475691020288,0.0
1296988601125941248,-0.1555555555555556
1296988880428838913,0.703125
1296988926109003777,0.25
1296989043075559424,0.35
1296989176634671106,-0.13125
1296989259740651526,0.0
1296989316112097285,0.018181818181818188
1296989407908593664,0.0
1296989810544934912,0.28750000000000003
1296989886055165953,0.03333333333333333
1296990046466252800,0.0
1296990081509658629,0.0
1296990155597918214,0.25
1296990358597971973,-0.1
1296990572574638080,0.125
1296991328342093826,0.0
1296991906111488001,0.0
1296992212241317888,0.037500000000000006
1296992427958571008,0.3181818181818182
1296992456110739461,0.0
1296992669789544448,0.19015151515151515
1296993077673033728,0.0
1296993147130699790,-0.05
1296994211108093952,0.0
1296994264191295490,-0.0125
1296994412187144192,0.4
1296994743755223041,-0.1875
1296995710236155904,-0.15625
1296995738161942530,1.0
1296995958576885760,0.16666666666666666
1296996496974503937,0.4
1296996671021252609,0.25
1296996857487532032,-0.14583333333333334
1296997127571341312,0.3371212121212121
1296997540307623936,0.75
1296997554987597825,0.02291666666666667
1296997567599968256,0.225
1296997718175485958,0.0
1296997885918113792,0.030113636363636363
1296997936581181440,0.0
1296997972207718405,0.0
1296998143817646082,0.043181818181818175
1296998173681033217,0.04545454545454545
1296998391847813120,0.26666666666666666
1296998826679689216,0.18522727272727274
1296998963086753792,0.13636363636363635
1296999133270728704,0.13636363636363635
1296999284555030528,0.0
1296999398405296130,0.0
1296999627426877441,0.3125
1296999670376353793,-0.013636363636363636
1296999671345213442,-0.114
1296999672309932032,0.01818181818181817
1296999862668599296,0.5
1296999970558611457,0.10727272727272727
1297000043199827968,-0.2916666666666667
1297000570016890882,0.1416666666666667
1297000700048805888,0.26666666666666666
1297000785285394432,0.17045454545454544
1297001238639202304,0.10727272727272727
1297001984172621824,0.0
1297002044063178752,0.0
1297002856176852993,0.6
1297002890402250752,0.5
1297003149945864192,-0.0625
1297003181201915905,-0.0625
1297003312688988161,-0.4
1297003369341415424,1.0
1297003427000614912,0.0
1297003429034971136,0.0
1297003429278228485,0.0
1297003494092619777,0.0
1297003546982973443,0.19086174242424245
1297003551542173696,0.25
1297003636594270209,0.12305194805194808
1297003697390489600,0.0
1297003911505752064,0.5
1297004037808836608,-0.05
1297004203315888129,-0.2333333333333333
1297004232369795073,-0.13636363636363635
1297004432748683273,-0.2
1297004797783048194,-0.175
1297005046211608577,0.13636363636363635
1297005313011245056,0.4
1297005984339185664,0.16
1297006071819784200,0.8
1297006367379611650,0.5
1297006429048467456,0.0
1297006451936944128,0.0
1297006652554719232,0.35
1297007005274603521,-0.0040000000000000036
1297007462999109632,0.0
1297007760651898881,0.1875
1297008052068143104,0.0
1297008211703332869,0.0
1297008402917466118,0.0
1297008461558026242,0.016666666666666663
1297008495649267712,0.0
1297008495628353539,0.0
1297008496634998785,0.0
1297008548560408576,0.0
1297008634921193473,0.5
1297008716063993860,0.16666666666666666
1297008910960717824,0.0
1297008958834704384,0.3
1297008960738938881,0.2
1297009227039375362,0.2
1297009237583753216,-0.04583333333333334
1297009276150587393,0.0
1297009344270290945,0.25
1297009360527405056,0.1787878787878788
1297009383008808965,-0.16666666666666666
1297009499203604480,0.6
1297009716850302976,0.0
1297009717433139206,0.0
1297009818465525761,-0.125
1297010275283922945,0.5
1297010311187140608,0.28
1297011330751193088,-0.05340909090909091
1297012095234510848,0.0
1297012435669471237,-0.1
1297012529789534210,0.03333333333333333
1297013326090821636,0.16193181818181818
1297013330469625857,0.5
1297013999016513539,0.2708333333333333
1297014022772932608,0.0
1297014184488701953,0.2
1297014647287996422,0.0
1297014726728146945,-0.07500000000000001
1297014884035698691,-0.3047619047619048
1297015026021105667,0.5
1297015649676517377,0.0
1297016700051820544,0.0
1297016909670490112,0.04166666666666666
1297016942679580672,0.73828125
1297017017451520000,0.3833333333333334
1297017150591377409,0.25
1297017459422134273,0.75
1297018028933226496,0.4
1297018050693103619,0.30347222222222225
1297018054262562816,0.4708333333333333
1297018095328886784,-0.032575757575757584
1297018900446449664,0.0
1297020113271631872,0.04166666666666666
1297020233077731328,0.02916666666666665
1297020360882348033,0.0
1297021066691444736,0.18333333333333332
1297021164196438016,0.0
1297021557928349696,0.4
1297021622021488640,0.11666666666666665
1297021958480171008,0.37777777777777777
1297022352891482112,0.1625
1297022879083704320,0.5
1297023347453071361,0.22000000000000006
1297023875084165121,0.4
1297024059344027648,-0.215
1297025244688011266,-0.10000000000000002
1297025891697074177,1.0
1297026239660662786,0.0
